-- MySQL Administrator dump 1.4
--
-- ------------------------------------------------------
-- Server version	5.1.36-community-log


/*!40101 SET @OLD_CHARACTER_SET_CLIENT=@@CHARACTER_SET_CLIENT */;
/*!40101 SET @OLD_CHARACTER_SET_RESULTS=@@CHARACTER_SET_RESULTS */;
/*!40101 SET @OLD_COLLATION_CONNECTION=@@COLLATION_CONNECTION */;
/*!40101 SET NAMES utf8 */;

/*!40014 SET @OLD_UNIQUE_CHECKS=@@UNIQUE_CHECKS, UNIQUE_CHECKS=0 */;
/*!40014 SET @OLD_FOREIGN_KEY_CHECKS=@@FOREIGN_KEY_CHECKS, FOREIGN_KEY_CHECKS=0 */;
/*!40101 SET @OLD_SQL_MODE=@@SQL_MODE, SQL_MODE='NO_AUTO_VALUE_ON_ZERO' */;


--
-- Create schema siscov
--

CREATE DATABASE IF NOT EXISTS siscov;
USE siscov;

--
-- Definition of table `calendar`
--

DROP TABLE IF EXISTS `calendar`;
CREATE TABLE `calendar` (
  `Id` int(11) NOT NULL AUTO_INCREMENT,
  `IdTb` int(10) NOT NULL,
  `title` varchar(255) CHARACTER SET utf8 COLLATE utf8_bin NOT NULL,
  `puntos` int(11) NOT NULL,
  `start` date NOT NULL,
  `end` date NOT NULL,
  PRIMARY KEY (`Id`)
) ENGINE=InnoDB AUTO_INCREMENT=1633 DEFAULT CHARSET=latin1;

--
-- Dumping data for table `calendar`
--

/*!40000 ALTER TABLE `calendar` DISABLE KEYS */;
INSERT INTO `calendar` (`Id`,`IdTb`,`title`,`puntos`,`start`,`end`) VALUES 
 (1,1,0x30,0,'2017-04-03','2017-04-03'),
 (2,1,0x30,0,'2017-04-08','2017-04-08'),
 (3,44,0x3530,0,'2017-04-02','2017-04-02'),
 (4,44,0x3130,0,'2017-04-01','2017-04-01'),
 (5,44,0x3130,0,'2017-04-03','2017-04-03'),
 (6,44,0x3130,0,'2017-04-04','2017-04-04'),
 (7,44,0x3230,0,'2017-04-08','2017-04-08'),
 (8,44,0x3330,0,'2017-04-07','2017-04-07'),
 (9,1,0x3935,0,'2017-04-04','2017-04-04'),
 (10,1,0x313935,0,'2017-04-02','2017-04-02'),
 (11,1,0x313030,0,'2017-04-05','2017-04-05'),
 (12,1,0x30,0,'2017-04-06','2017-04-06'),
 (13,1,0x30,0,'2017-04-07','2017-04-07'),
 (14,1,0x313030,0,'2017-04-10','2017-04-10'),
 (15,1,0x343730,0,'2017-04-09','2017-04-09'),
 (16,1,0x313030,0,'2017-04-11','2017-04-11'),
 (17,1,0x313030,0,'2017-04-12','2017-04-12'),
 (18,1,0x30,0,'2017-04-13','2017-04-13'),
 (19,1,0x3835,0,'2017-04-14','2017-04-14'),
 (20,1,0x3835,0,'2017-04-15','2017-04-15'),
 (21,1,0x313030,0,'2017-04-17','2017-04-17'),
 (22,1,0x363030,0,'2017-04-16','2017-04-16'),
 (23,1,0x313030,0,'2017-04-18','2017-04-18'),
 (24,1,0x313030,0,'2017-04-19','2017-04-19'),
 (25,1,0x313030,0,'2017-04-20','2017-04-20'),
 (26,1,0x313030,0,'2017-04-21','2017-04-21'),
 (27,1,0x30,0,'2017-04-01','2017-04-01'),
 (28,1,0x30,0,'2017-03-31','2017-03-31'),
 (29,3,0x30,0,'2017-04-01','2017-04-01'),
 (30,3,0x30,0,'2017-03-31','2017-03-31'),
 (31,3,0x30,0,'2017-04-03','2017-04-03'),
 (32,3,0x313935,0,'2017-04-02','2017-04-02'),
 (33,3,0x3935,0,'2017-04-04','2017-04-04'),
 (34,3,0x313030,0,'2017-04-05','2017-04-05'),
 (35,3,0x30,0,'2017-04-06','2017-04-06'),
 (36,3,0x30,0,'2017-04-07','2017-04-07'),
 (37,3,0x30,0,'2017-04-08','2017-04-08'),
 (38,3,0x313030,0,'2017-04-10','2017-04-10'),
 (39,3,0x333030,0,'2017-04-09','2017-04-09'),
 (40,3,0x313030,0,'2017-04-11','2017-04-11'),
 (41,3,0x313030,0,'2017-04-12','2017-04-12'),
 (42,3,0x30,0,'2017-04-13','2017-04-13'),
 (43,3,0x3835,0,'2017-04-14','2017-04-14'),
 (44,3,0x3835,0,'2017-04-15','2017-04-15'),
 (45,3,0x313030,0,'2017-04-17','2017-04-17'),
 (46,3,0x353030,0,'2017-04-16','2017-04-16'),
 (47,3,0x313030,0,'2017-04-18','2017-04-18'),
 (48,3,0x313030,0,'2017-04-19','2017-04-19'),
 (49,3,0x313030,0,'2017-04-20','2017-04-20'),
 (50,3,0x313030,0,'2017-04-21','2017-04-21'),
 (51,5,0x30,0,'2017-04-01','2017-04-01'),
 (52,5,0x30,0,'2017-03-31','2017-03-31'),
 (53,5,0x30,0,'2017-04-03','2017-04-03'),
 (54,5,0x313935,0,'2017-04-02','2017-04-02'),
 (55,5,0x3935,0,'2017-04-04','2017-04-04'),
 (56,5,0x313030,0,'2017-04-05','2017-04-05'),
 (57,5,0x30,0,'2017-04-06','2017-04-06'),
 (58,5,0x30,0,'2017-04-07','2017-04-07'),
 (59,5,0x30,0,'2017-04-08','2017-04-08'),
 (60,5,0x313030,0,'2017-04-10','2017-04-10'),
 (61,5,0x333030,0,'2017-04-09','2017-04-09'),
 (62,5,0x313030,0,'2017-04-11','2017-04-11'),
 (63,5,0x313030,0,'2017-04-12','2017-04-12'),
 (64,5,0x30,0,'2017-04-13','2017-04-13'),
 (65,5,0x3835,0,'2017-04-14','2017-04-14'),
 (66,5,0x3835,0,'2017-04-15','2017-04-15'),
 (67,5,0x313030,0,'2017-04-17','2017-04-17'),
 (68,5,0x353030,0,'2017-04-16','2017-04-16'),
 (69,5,0x313030,0,'2017-04-18','2017-04-18'),
 (70,5,0x313030,0,'2017-04-19','2017-04-19'),
 (71,5,0x313030,0,'2017-04-20','2017-04-20'),
 (72,5,0x313030,0,'2017-04-21','2017-04-21'),
 (73,6,0x30,0,'2017-04-01','2017-04-01'),
 (74,6,0x30,0,'2017-03-31','2017-03-31'),
 (75,6,0x30,0,'2017-04-03','2017-04-03'),
 (76,6,0x313935,0,'2017-04-02','2017-04-02'),
 (77,6,0x3935,0,'2017-04-04','2017-04-04'),
 (78,6,0x313030,0,'2017-04-05','2017-04-05'),
 (79,6,0x30,0,'2017-04-06','2017-04-06'),
 (80,6,0x30,0,'2017-04-07','2017-04-07'),
 (81,6,0x30,0,'2017-04-08','2017-04-08'),
 (82,6,0x313030,0,'2017-04-10','2017-04-10'),
 (83,6,0x333030,0,'2017-04-09','2017-04-09'),
 (84,6,0x313030,0,'2017-04-11','2017-04-11'),
 (85,6,0x313030,0,'2017-04-12','2017-04-12'),
 (86,6,0x30,0,'2017-04-13','2017-04-13'),
 (87,6,0x3835,0,'2017-04-14','2017-04-14'),
 (88,6,0x3835,0,'2017-04-15','2017-04-15'),
 (89,6,0x313030,0,'2017-04-17','2017-04-17'),
 (90,6,0x363030,0,'2017-04-16','2017-04-16'),
 (91,6,0x313030,0,'2017-04-18','2017-04-18'),
 (92,6,0x313030,0,'2017-04-19','2017-04-19'),
 (93,6,0x313030,0,'2017-04-20','2017-04-20'),
 (94,6,0x313030,0,'2017-04-21','2017-04-21'),
 (95,7,0x30,0,'2017-04-01','2017-04-01'),
 (96,7,0x30,0,'2017-03-31','2017-03-31'),
 (97,7,0x30,0,'2017-04-03','2017-04-03'),
 (98,7,0x313935,0,'2017-04-02','2017-04-02'),
 (99,7,0x3935,0,'2017-04-04','2017-04-04'),
 (100,7,0x313030,0,'2017-04-05','2017-04-05'),
 (101,7,0x30,0,'2017-04-06','2017-04-06'),
 (102,7,0x30,0,'2017-04-07','2017-04-07'),
 (103,7,0x30,0,'2017-04-08','2017-04-08'),
 (104,7,0x313030,0,'2017-04-10','2017-04-10'),
 (105,7,0x333030,0,'2017-04-09','2017-04-09'),
 (106,7,0x313030,0,'2017-04-11','2017-04-11'),
 (107,7,0x313030,0,'2017-04-12','2017-04-12'),
 (108,7,0x30,0,'2017-04-13','2017-04-13'),
 (109,7,0x3835,0,'2017-04-14','2017-04-14'),
 (110,7,0x3835,0,'2017-04-15','2017-04-15'),
 (111,7,0x313030,0,'2017-04-17','2017-04-17'),
 (112,7,0x353030,0,'2017-04-16','2017-04-16'),
 (113,7,0x313030,0,'2017-04-18','2017-04-18'),
 (114,7,0x313030,0,'2017-04-19','2017-04-19'),
 (115,7,0x313030,0,'2017-04-20','2017-04-20'),
 (116,7,0x313030,0,'2017-04-21','2017-04-21'),
 (117,8,0x30,0,'2017-04-01','2017-04-01'),
 (118,8,0x30,0,'2017-03-31','2017-03-31'),
 (119,8,0x30,0,'2017-04-03','2017-04-03'),
 (120,8,0x313935,0,'2017-04-02','2017-04-02'),
 (121,8,0x3935,0,'2017-04-04','2017-04-04'),
 (122,8,0x313030,0,'2017-04-05','2017-04-05'),
 (123,8,0x30,0,'2017-04-06','2017-04-06'),
 (124,8,0x30,0,'2017-04-07','2017-04-07'),
 (125,8,0x30,0,'2017-04-08','2017-04-08'),
 (126,8,0x313030,0,'2017-04-10','2017-04-10'),
 (127,8,0x333030,0,'2017-04-09','2017-04-09'),
 (128,8,0x313030,0,'2017-04-11','2017-04-11'),
 (129,8,0x313030,0,'2017-04-12','2017-04-12'),
 (130,8,0x30,0,'2017-04-13','2017-04-13'),
 (131,8,0x3835,0,'2017-04-14','2017-04-14'),
 (132,8,0x3835,0,'2017-04-15','2017-04-15'),
 (133,8,0x313030,0,'2017-04-17','2017-04-17'),
 (134,8,0x353030,0,'2017-04-16','2017-04-16'),
 (135,8,0x313030,0,'2017-04-18','2017-04-18'),
 (136,8,0x313030,0,'2017-04-19','2017-04-19'),
 (137,8,0x313030,0,'2017-04-20','2017-04-20'),
 (138,8,0x313030,0,'2017-04-21','2017-04-21'),
 (139,9,0x30,0,'2017-04-01','2017-04-01'),
 (140,9,0x30,0,'2017-03-31','2017-03-31'),
 (141,9,0x30,0,'2017-04-03','2017-04-03'),
 (142,9,0x313935,0,'2017-04-02','2017-04-02'),
 (143,9,0x3935,0,'2017-04-04','2017-04-04'),
 (144,9,0x313030,0,'2017-04-05','2017-04-05'),
 (145,9,0x30,0,'2017-04-06','2017-04-06'),
 (146,9,0x30,0,'2017-04-07','2017-04-07'),
 (147,9,0x30,0,'2017-04-08','2017-04-08'),
 (148,9,0x313030,0,'2017-04-10','2017-04-10'),
 (149,9,0x333030,0,'2017-04-09','2017-04-09'),
 (150,9,0x313030,0,'2017-04-11','2017-04-11'),
 (151,9,0x313030,0,'2017-04-12','2017-04-12'),
 (152,9,0x30,0,'2017-04-13','2017-04-13'),
 (153,9,0x3835,0,'2017-04-14','2017-04-14'),
 (154,9,0x3835,0,'2017-04-15','2017-04-15'),
 (155,9,0x313030,0,'2017-04-17','2017-04-17'),
 (156,9,0x353030,0,'2017-04-16','2017-04-16'),
 (157,9,0x313030,0,'2017-04-18','2017-04-18'),
 (158,9,0x313030,0,'2017-04-19','2017-04-19'),
 (159,9,0x313030,0,'2017-04-20','2017-04-20'),
 (160,9,0x313030,0,'2017-04-21','2017-04-21'),
 (161,11,0x30,0,'2017-04-01','2017-04-01'),
 (162,11,0x30,0,'2017-03-31','2017-03-31'),
 (163,11,0x30,0,'2017-04-03','2017-04-03'),
 (164,11,0x313935,0,'2017-04-02','2017-04-02'),
 (165,11,0x3935,0,'2017-04-04','2017-04-04'),
 (166,11,0x313030,0,'2017-04-05','2017-04-05'),
 (167,11,0x30,0,'2017-04-06','2017-04-06'),
 (168,11,0x30,0,'2017-04-07','2017-04-07'),
 (169,11,0x30,0,'2017-04-08','2017-04-08'),
 (170,11,0x313030,0,'2017-04-10','2017-04-10'),
 (171,11,0x333030,0,'2017-04-09','2017-04-09'),
 (172,11,0x313030,0,'2017-04-11','2017-04-11'),
 (173,11,0x313030,0,'2017-04-12','2017-04-12'),
 (174,11,0x30,0,'2017-04-13','2017-04-13'),
 (175,11,0x3835,0,'2017-04-14','2017-04-14'),
 (176,11,0x3835,0,'2017-04-15','2017-04-15'),
 (177,11,0x313030,0,'2017-04-17','2017-04-17'),
 (178,11,0x353030,0,'2017-04-16','2017-04-16'),
 (179,11,0x313030,0,'2017-04-18','2017-04-18'),
 (180,11,0x313030,0,'2017-04-19','2017-04-19'),
 (181,11,0x313030,0,'2017-04-20','2017-04-20'),
 (182,11,0x313030,0,'2017-04-21','2017-04-21'),
 (183,12,0x30,0,'2017-04-01','2017-04-01'),
 (184,12,0x30,0,'2017-03-31','2017-03-31'),
 (185,12,0x30,0,'2017-04-03','2017-04-03'),
 (186,12,0x313935,0,'2017-04-02','2017-04-02'),
 (187,12,0x3935,0,'2017-04-04','2017-04-04'),
 (188,12,0x313030,0,'2017-04-05','2017-04-05'),
 (189,12,0x30,0,'2017-04-06','2017-04-06'),
 (190,12,0x30,0,'2017-04-07','2017-04-07'),
 (191,12,0x30,0,'2017-04-08','2017-04-08'),
 (192,12,0x313030,0,'2017-04-10','2017-04-10'),
 (193,12,0x333030,0,'2017-04-09','2017-04-09'),
 (194,12,0x313030,0,'2017-04-11','2017-04-11'),
 (195,12,0x313030,0,'2017-04-12','2017-04-12'),
 (196,12,0x30,0,'2017-04-13','2017-04-13'),
 (197,12,0x3835,0,'2017-04-14','2017-04-14'),
 (198,12,0x3835,0,'2017-04-15','2017-04-15'),
 (199,12,0x313030,0,'2017-04-17','2017-04-17'),
 (200,12,0x353030,0,'2017-04-16','2017-04-16'),
 (201,12,0x313030,0,'2017-04-18','2017-04-18'),
 (202,12,0x313030,0,'2017-04-19','2017-04-19'),
 (203,12,0x313030,0,'2017-04-20','2017-04-20'),
 (204,12,0x313030,0,'2017-04-21','2017-04-21'),
 (205,13,0x30,0,'2017-04-01','2017-04-01'),
 (206,13,0x30,0,'2017-03-31','2017-03-31'),
 (207,13,0x30,0,'2017-04-03','2017-04-03'),
 (208,13,0x313935,0,'2017-04-02','2017-04-02'),
 (209,13,0x3935,0,'2017-04-04','2017-04-04'),
 (210,13,0x313030,0,'2017-04-05','2017-04-05'),
 (211,13,0x30,0,'2017-04-06','2017-04-06'),
 (212,13,0x30,0,'2017-04-07','2017-04-07'),
 (213,13,0x30,0,'2017-04-08','2017-04-08'),
 (214,13,0x313030,0,'2017-04-10','2017-04-10'),
 (215,13,0x333030,0,'2017-04-09','2017-04-09'),
 (216,13,0x313030,0,'2017-04-11','2017-04-11'),
 (217,13,0x313030,0,'2017-04-12','2017-04-12'),
 (218,13,0x30,0,'2017-04-13','2017-04-13'),
 (219,13,0x3835,0,'2017-04-14','2017-04-14'),
 (220,13,0x3835,0,'2017-04-15','2017-04-15'),
 (221,13,0x313030,0,'2017-04-17','2017-04-17'),
 (222,13,0x363030,0,'2017-04-16','2017-04-16'),
 (223,13,0x313030,0,'2017-04-18','2017-04-18'),
 (224,13,0x313030,0,'2017-04-19','2017-04-19'),
 (225,13,0x313030,0,'2017-04-20','2017-04-20'),
 (226,13,0x313030,0,'2017-04-21','2017-04-21'),
 (227,14,0x30,0,'2017-04-01','2017-04-01'),
 (228,14,0x30,0,'2017-03-31','2017-03-31'),
 (229,14,0x30,0,'2017-04-03','2017-04-03'),
 (230,14,0x313935,0,'2017-04-02','2017-04-02'),
 (231,14,0x3935,0,'2017-04-04','2017-04-04'),
 (232,14,0x313030,0,'2017-04-05','2017-04-05'),
 (233,14,0x30,0,'2017-04-06','2017-04-06'),
 (234,14,0x30,0,'2017-04-07','2017-04-07'),
 (235,14,0x30,0,'2017-04-08','2017-04-08'),
 (236,14,0x313030,0,'2017-04-10','2017-04-10'),
 (237,14,0x333030,0,'2017-04-09','2017-04-09'),
 (238,14,0x313030,0,'2017-04-11','2017-04-11'),
 (239,14,0x313030,0,'2017-04-12','2017-04-12'),
 (240,14,0x30,0,'2017-04-13','2017-04-13'),
 (241,14,0x3835,0,'2017-04-14','2017-04-14'),
 (242,14,0x3835,0,'2017-04-15','2017-04-15'),
 (243,14,0x313030,0,'2017-04-17','2017-04-17'),
 (244,14,0x353030,0,'2017-04-16','2017-04-16'),
 (245,14,0x313030,0,'2017-04-18','2017-04-18'),
 (246,14,0x313030,0,'2017-04-19','2017-04-19'),
 (247,14,0x313030,0,'2017-04-20','2017-04-20'),
 (248,14,0x313030,0,'2017-04-21','2017-04-21'),
 (249,15,0x30,0,'2017-04-01','2017-04-01'),
 (250,15,0x30,0,'2017-03-31','2017-03-31'),
 (251,15,0x30,0,'2017-04-03','2017-04-03'),
 (252,15,0x313935,0,'2017-04-02','2017-04-02'),
 (253,15,0x3935,0,'2017-04-04','2017-04-04'),
 (254,15,0x313030,0,'2017-04-05','2017-04-05'),
 (255,15,0x30,0,'2017-04-06','2017-04-06'),
 (256,15,0x30,0,'2017-04-07','2017-04-07'),
 (257,15,0x30,0,'2017-04-08','2017-04-08'),
 (258,15,0x313030,0,'2017-04-10','2017-04-10'),
 (259,15,0x333030,0,'2017-04-09','2017-04-09'),
 (260,15,0x313030,0,'2017-04-11','2017-04-11'),
 (261,15,0x313030,0,'2017-04-12','2017-04-12'),
 (262,15,0x30,0,'2017-04-13','2017-04-13'),
 (263,15,0x3835,0,'2017-04-14','2017-04-14'),
 (264,15,0x3835,0,'2017-04-15','2017-04-15'),
 (265,15,0x313030,0,'2017-04-17','2017-04-17'),
 (266,15,0x353030,0,'2017-04-16','2017-04-16'),
 (267,15,0x313030,0,'2017-04-18','2017-04-18'),
 (268,15,0x313030,0,'2017-04-19','2017-04-19'),
 (269,15,0x313030,0,'2017-04-20','2017-04-20'),
 (270,15,0x313030,0,'2017-04-21','2017-04-21'),
 (271,45,0x30,0,'2017-04-01','2017-04-01'),
 (272,45,0x30,0,'2017-03-31','2017-03-31'),
 (273,45,0x30,0,'2017-04-03','2017-04-03'),
 (274,45,0x313935,0,'2017-04-02','2017-04-02'),
 (275,45,0x3935,0,'2017-04-04','2017-04-04'),
 (276,45,0x313030,0,'2017-04-05','2017-04-05'),
 (277,45,0x30,0,'2017-04-06','2017-04-06'),
 (278,45,0x30,0,'2017-04-07','2017-04-07'),
 (279,45,0x30,0,'2017-04-08','2017-04-08'),
 (280,45,0x313030,0,'2017-04-10','2017-04-10'),
 (281,45,0x333030,0,'2017-04-09','2017-04-09'),
 (282,45,0x313030,0,'2017-04-11','2017-04-11'),
 (283,45,0x313030,0,'2017-04-12','2017-04-12'),
 (284,45,0x30,0,'2017-04-13','2017-04-13'),
 (285,45,0x3835,0,'2017-04-14','2017-04-14'),
 (286,45,0x3835,0,'2017-04-15','2017-04-15'),
 (287,45,0x313030,0,'2017-04-17','2017-04-17'),
 (288,45,0x353030,0,'2017-04-16','2017-04-16'),
 (289,45,0x313030,0,'2017-04-18','2017-04-18'),
 (290,45,0x313030,0,'2017-04-19','2017-04-19'),
 (291,45,0x313030,0,'2017-04-20','2017-04-20'),
 (292,45,0x313030,0,'2017-04-21','2017-04-21'),
 (293,61,0x30,0,'2017-04-01','2017-04-01'),
 (294,61,0x30,0,'2017-03-31','2017-03-31'),
 (295,61,0x30,0,'2017-04-03','2017-04-03'),
 (296,61,0x313935,0,'2017-04-02','2017-04-02'),
 (297,61,0x3935,0,'2017-04-04','2017-04-04'),
 (298,61,0x313030,0,'2017-04-05','2017-04-05'),
 (299,61,0x30,0,'2017-04-06','2017-04-06'),
 (300,61,0x30,0,'2017-04-07','2017-04-07'),
 (301,61,0x30,0,'2017-04-08','2017-04-08'),
 (302,61,0x313030,0,'2017-04-10','2017-04-10'),
 (303,61,0x333030,0,'2017-04-09','2017-04-09'),
 (304,61,0x313030,0,'2017-04-11','2017-04-11'),
 (305,61,0x313030,0,'2017-04-12','2017-04-12'),
 (306,61,0x30,0,'2017-04-13','2017-04-13'),
 (307,61,0x3835,0,'2017-04-14','2017-04-14'),
 (308,61,0x3835,0,'2017-04-15','2017-04-15'),
 (309,61,0x313030,0,'2017-04-17','2017-04-17'),
 (310,61,0x353030,0,'2017-04-16','2017-04-16'),
 (311,61,0x313030,0,'2017-04-18','2017-04-18'),
 (312,61,0x313030,0,'2017-04-19','2017-04-19'),
 (313,61,0x313030,0,'2017-04-20','2017-04-20'),
 (314,61,0x313030,0,'2017-04-21','2017-04-21'),
 (315,1,0x313030,0,'2017-04-22','2017-04-22'),
 (316,3,0x313030,0,'2017-04-22','2017-04-22'),
 (317,66,0x30,0,'2017-04-01','2017-04-01'),
 (318,66,0x30,0,'2017-03-31','2017-03-31'),
 (319,66,0x313030,0,'2017-04-19','2017-04-19'),
 (320,66,0x333030,0,'2017-04-16','2017-04-16'),
 (321,66,0x313030,0,'2017-04-20','2017-04-20'),
 (322,66,0x313030,0,'2017-04-21','2017-04-21'),
 (323,66,0x313030,0,'2017-04-22','2017-04-22'),
 (324,10,0x3835,0,'2017-04-15','2017-04-15'),
 (325,10,0x3835,0,'2017-04-14','2017-04-14'),
 (326,10,0x313030,0,'2017-04-17','2017-04-17'),
 (327,10,0x353030,0,'2017-04-16','2017-04-16'),
 (328,10,0x313030,0,'2017-04-18','2017-04-18'),
 (329,10,0x313030,0,'2017-04-19','2017-04-19'),
 (330,10,0x313030,0,'2017-04-20','2017-04-20'),
 (331,10,0x313030,0,'2017-04-21','2017-04-21'),
 (332,10,0x313030,0,'2017-04-22','2017-04-22'),
 (333,23,0x313030,0,'2017-04-01','2017-04-01'),
 (334,23,0x313030,0,'2017-03-31','2017-03-31'),
 (335,23,0x313030,0,'2017-04-03','2017-04-03'),
 (336,23,0x343735,0,'2017-04-02','2017-04-02'),
 (337,23,0x3935,0,'2017-04-04','2017-04-04'),
 (338,23,0x313030,0,'2017-04-05','2017-04-05'),
 (339,23,0x3935,0,'2017-04-06','2017-04-06'),
 (340,23,0x313030,0,'2017-04-07','2017-04-07'),
 (341,23,0x313030,0,'2017-04-08','2017-04-08'),
 (342,23,0x3935,0,'2017-04-10','2017-04-10'),
 (343,23,0x323735,0,'2017-04-09','2017-04-09'),
 (344,23,0x3935,0,'2017-04-11','2017-04-11'),
 (345,23,0x3835,0,'2017-04-12','2017-04-12'),
 (346,23,0x30,0,'2017-04-13','2017-04-13'),
 (347,23,0x3835,0,'2017-04-14','2017-04-14'),
 (348,23,0x3835,0,'2017-04-15','2017-04-15'),
 (349,23,0x3835,0,'2017-04-17','2017-04-17'),
 (350,23,0x343530,0,'2017-04-16','2017-04-16'),
 (351,23,0x3835,0,'2017-04-18','2017-04-18'),
 (352,23,0x313030,0,'2017-04-19','2017-04-19'),
 (353,23,0x3935,0,'2017-04-20','2017-04-20'),
 (354,23,0x3935,0,'2017-04-21','2017-04-21'),
 (355,23,0x3935,0,'2017-04-22','2017-04-22'),
 (356,21,0x313030,0,'2017-04-01','2017-04-01'),
 (357,21,0x313030,0,'2017-03-31','2017-03-31'),
 (358,21,0x313030,0,'2017-04-03','2017-04-03'),
 (359,21,0x343735,0,'2017-04-02','2017-04-02'),
 (360,21,0x3935,0,'2017-04-04','2017-04-04'),
 (361,21,0x313030,0,'2017-04-05','2017-04-05'),
 (362,21,0x3935,0,'2017-04-06','2017-04-06'),
 (363,21,0x313030,0,'2017-04-07','2017-04-07'),
 (364,21,0x313030,0,'2017-04-08','2017-04-08'),
 (365,21,0x3935,0,'2017-04-10','2017-04-10'),
 (366,21,0x323735,0,'2017-04-09','2017-04-09'),
 (367,21,0x3935,0,'2017-04-11','2017-04-11'),
 (368,21,0x3835,0,'2017-04-12','2017-04-12'),
 (369,21,0x30,0,'2017-04-13','2017-04-13'),
 (370,21,0x30,0,'2017-04-14','2017-04-14'),
 (371,21,0x30,0,'2017-04-15','2017-04-15'),
 (372,21,0x3835,0,'2017-04-17','2017-04-17'),
 (373,21,0x343530,0,'2017-04-16','2017-04-16'),
 (374,21,0x3835,0,'2017-04-18','2017-04-18'),
 (375,21,0x313030,0,'2017-04-19','2017-04-19'),
 (376,21,0x3935,0,'2017-04-20','2017-04-20'),
 (377,21,0x3935,0,'2017-04-21','2017-04-21'),
 (378,21,0x3935,0,'2017-04-22','2017-04-22'),
 (379,67,0x313030,0,'2017-04-01','2017-04-01'),
 (380,67,0x313030,0,'2017-03-31','2017-03-31'),
 (381,67,0x313030,0,'2017-04-03','2017-04-03'),
 (382,67,0x343735,0,'2017-04-02','2017-04-02'),
 (383,67,0x3935,0,'2017-04-04','2017-04-04'),
 (384,67,0x313030,0,'2017-04-05','2017-04-05'),
 (385,67,0x3935,0,'2017-04-06','2017-04-06'),
 (386,67,0x313030,0,'2017-04-07','2017-04-07'),
 (387,67,0x313030,0,'2017-04-08','2017-04-08'),
 (388,67,0x3935,0,'2017-04-10','2017-04-10'),
 (389,67,0x323735,0,'2017-04-09','2017-04-09'),
 (390,67,0x3935,0,'2017-04-11','2017-04-11'),
 (391,67,0x3835,0,'2017-04-12','2017-04-12'),
 (392,67,0x30,0,'2017-04-13','2017-04-13'),
 (393,67,0x30,0,'2017-04-14','2017-04-14'),
 (394,67,0x30,0,'2017-04-15','2017-04-15'),
 (395,67,0x3835,0,'2017-04-17','2017-04-17'),
 (396,67,0x343530,0,'2017-04-16','2017-04-16'),
 (397,67,0x3835,0,'2017-04-18','2017-04-18'),
 (398,67,0x313030,0,'2017-04-19','2017-04-19'),
 (399,67,0x3935,0,'2017-04-20','2017-04-20'),
 (400,67,0x3935,0,'2017-04-21','2017-04-21'),
 (401,67,0x3935,0,'2017-04-22','2017-04-22'),
 (402,24,0x313030,0,'2017-04-01','2017-04-01'),
 (403,24,0x313030,0,'2017-03-31','2017-03-31'),
 (404,24,0x313030,0,'2017-04-03','2017-04-03'),
 (405,24,0x343735,0,'2017-04-02','2017-04-02'),
 (406,24,0x3935,0,'2017-04-04','2017-04-04'),
 (407,24,0x313030,0,'2017-04-05','2017-04-05'),
 (408,24,0x3935,0,'2017-04-06','2017-04-06'),
 (409,24,0x313030,0,'2017-04-07','2017-04-07'),
 (410,24,0x313030,0,'2017-04-08','2017-04-08'),
 (411,24,0x3935,0,'2017-04-10','2017-04-10'),
 (412,24,0x323735,0,'2017-04-09','2017-04-09'),
 (413,24,0x3935,0,'2017-04-11','2017-04-11'),
 (414,24,0x3835,0,'2017-04-12','2017-04-12'),
 (415,24,0x30,0,'2017-04-13','2017-04-13'),
 (416,24,0x30,0,'2017-04-14','2017-04-14'),
 (417,24,0x30,0,'2017-04-15','2017-04-15'),
 (418,24,0x3835,0,'2017-04-17','2017-04-17'),
 (419,24,0x343530,0,'2017-04-16','2017-04-16'),
 (420,24,0x3835,0,'2017-04-18','2017-04-18'),
 (421,24,0x313030,0,'2017-04-19','2017-04-19'),
 (422,24,0x3935,0,'2017-04-20','2017-04-20'),
 (423,24,0x3935,0,'2017-04-21','2017-04-21'),
 (424,24,0x3935,0,'2017-04-22','2017-04-22'),
 (425,17,0x313030,0,'2017-04-01','2017-04-01'),
 (426,17,0x313030,0,'2017-03-31','2017-03-31'),
 (427,17,0x313030,0,'2017-04-03','2017-04-03'),
 (428,17,0x343735,0,'2017-04-02','2017-04-02'),
 (429,17,0x3935,0,'2017-04-04','2017-04-04'),
 (430,17,0x313030,0,'2017-04-05','2017-04-05'),
 (431,17,0x3935,0,'2017-04-06','2017-04-06'),
 (432,17,0x313030,0,'2017-04-07','2017-04-07'),
 (433,17,0x313030,0,'2017-04-08','2017-04-08'),
 (434,17,0x3935,0,'2017-04-10','2017-04-10'),
 (435,17,0x323735,0,'2017-04-09','2017-04-09'),
 (436,17,0x3935,0,'2017-04-11','2017-04-11'),
 (437,17,0x3835,0,'2017-04-12','2017-04-12'),
 (438,17,0x30,0,'2017-04-13','2017-04-13'),
 (439,17,0x30,0,'2017-04-14','2017-04-14'),
 (440,17,0x30,0,'2017-04-15','2017-04-15'),
 (441,17,0x3835,0,'2017-04-17','2017-04-17'),
 (442,17,0x343530,0,'2017-04-16','2017-04-16'),
 (443,17,0x3835,0,'2017-04-18','2017-04-18'),
 (444,17,0x313030,0,'2017-04-19','2017-04-19'),
 (445,17,0x3935,0,'2017-04-20','2017-04-20'),
 (446,17,0x3935,0,'2017-04-21','2017-04-21'),
 (447,17,0x3935,0,'2017-04-22','2017-04-22'),
 (448,26,0x313030,0,'2017-04-01','2017-04-01'),
 (449,26,0x30,0,'2017-03-31','2017-03-31'),
 (450,26,0x313030,0,'2017-04-03','2017-04-03'),
 (451,26,0x343735,0,'2017-04-02','2017-04-02'),
 (452,26,0x30,0,'2017-03-26','2017-03-26'),
 (453,26,0x3935,0,'2017-04-04','2017-04-04'),
 (454,26,0x313030,0,'2017-04-05','2017-04-05'),
 (455,26,0x3935,0,'2017-04-06','2017-04-06'),
 (456,26,0x313030,0,'2017-04-07','2017-04-07'),
 (457,26,0x313030,0,'2017-04-08','2017-04-08'),
 (458,26,0x3935,0,'2017-04-10','2017-04-10'),
 (459,26,0x323735,0,'2017-04-09','2017-04-09'),
 (460,26,0x3935,0,'2017-04-11','2017-04-11'),
 (461,26,0x3835,0,'2017-04-12','2017-04-12'),
 (462,26,0x30,0,'2017-04-13','2017-04-13'),
 (463,26,0x30,0,'2017-04-14','2017-04-14'),
 (464,26,0x30,0,'2017-04-15','2017-04-15'),
 (465,26,0x3835,0,'2017-04-17','2017-04-17'),
 (466,26,0x343530,0,'2017-04-16','2017-04-16'),
 (467,26,0x3835,0,'2017-04-18','2017-04-18'),
 (468,26,0x313030,0,'2017-04-19','2017-04-19'),
 (469,26,0x3935,0,'2017-04-20','2017-04-20'),
 (470,26,0x3935,0,'2017-04-21','2017-04-21'),
 (471,26,0x3935,0,'2017-04-22','2017-04-22'),
 (472,18,0x313030,0,'2017-04-01','2017-04-01'),
 (473,18,0x30,0,'2017-03-31','2017-03-31'),
 (474,18,0x30,0,'2017-03-26','2017-03-26'),
 (475,18,0x313030,0,'2017-04-03','2017-04-03'),
 (476,18,0x343735,0,'2017-04-02','2017-04-02'),
 (477,18,0x3935,0,'2017-04-04','2017-04-04'),
 (478,18,0x313030,0,'2017-04-05','2017-04-05'),
 (479,18,0x3935,0,'2017-04-06','2017-04-06'),
 (480,18,0x313030,0,'2017-04-07','2017-04-07'),
 (481,18,0x313030,0,'2017-04-08','2017-04-08'),
 (482,18,0x3935,0,'2017-04-10','2017-04-10'),
 (483,18,0x323735,0,'2017-04-09','2017-04-09'),
 (484,18,0x3935,0,'2017-04-11','2017-04-11'),
 (485,18,0x3835,0,'2017-04-12','2017-04-12'),
 (486,18,0x30,0,'2017-04-13','2017-04-13'),
 (487,18,0x30,0,'2017-04-14','2017-04-14'),
 (488,18,0x30,0,'2017-04-15','2017-04-15'),
 (489,18,0x3835,0,'2017-04-17','2017-04-17'),
 (490,18,0x343530,0,'2017-04-16','2017-04-16'),
 (491,18,0x3835,0,'2017-04-18','2017-04-18'),
 (492,18,0x313030,0,'2017-04-19','2017-04-19'),
 (493,18,0x3935,0,'2017-04-20','2017-04-20'),
 (494,18,0x3935,0,'2017-04-21','2017-04-21'),
 (495,18,0x3935,0,'2017-04-22','2017-04-22'),
 (496,19,0x313030,0,'2017-04-01','2017-04-01'),
 (497,19,0x313030,0,'2017-03-31','2017-03-31'),
 (498,19,0x313030,0,'2017-04-03','2017-04-03'),
 (499,19,0x343735,0,'2017-04-02','2017-04-02'),
 (500,19,0x3935,0,'2017-04-04','2017-04-04'),
 (501,19,0x313030,0,'2017-04-05','2017-04-05'),
 (502,19,0x3935,0,'2017-04-06','2017-04-06'),
 (503,19,0x313030,0,'2017-04-07','2017-04-07'),
 (504,19,0x313030,0,'2017-04-08','2017-04-08'),
 (505,19,0x3935,0,'2017-04-10','2017-04-10'),
 (506,19,0x323735,0,'2017-04-09','2017-04-09'),
 (507,19,0x3935,0,'2017-04-11','2017-04-11'),
 (508,19,0x3835,0,'2017-04-12','2017-04-12'),
 (509,19,0x30,0,'2017-04-13','2017-04-13'),
 (510,19,0x30,0,'2017-04-14','2017-04-14'),
 (511,19,0x30,0,'2017-04-15','2017-04-15'),
 (512,19,0x3835,0,'2017-04-17','2017-04-17'),
 (513,19,0x343530,0,'2017-04-16','2017-04-16'),
 (514,19,0x3835,0,'2017-04-18','2017-04-18'),
 (515,19,0x313030,0,'2017-04-19','2017-04-19'),
 (516,19,0x3935,0,'2017-04-20','2017-04-20'),
 (517,19,0x313030,0,'2017-04-21','2017-04-21'),
 (518,19,0x313030,0,'2017-04-22','2017-04-22'),
 (519,28,0x313030,0,'2017-04-01','2017-04-01'),
 (520,28,0x313030,0,'2017-03-31','2017-03-31'),
 (521,28,0x313030,0,'2017-04-03','2017-04-03'),
 (522,28,0x343735,0,'2017-04-02','2017-04-02'),
 (523,28,0x3935,0,'2017-04-04','2017-04-04'),
 (524,28,0x313030,0,'2017-04-05','2017-04-05'),
 (525,28,0x3935,0,'2017-04-06','2017-04-06'),
 (526,28,0x313030,0,'2017-04-07','2017-04-07'),
 (527,28,0x313030,0,'2017-04-08','2017-04-08'),
 (528,28,0x3935,0,'2017-04-10','2017-04-10'),
 (529,28,0x323735,0,'2017-04-09','2017-04-09'),
 (530,28,0x3935,0,'2017-04-11','2017-04-11'),
 (531,28,0x3835,0,'2017-04-12','2017-04-12'),
 (532,28,0x30,0,'2017-04-13','2017-04-13'),
 (533,28,0x30,0,'2017-04-14','2017-04-14'),
 (534,28,0x30,0,'2017-04-15','2017-04-15'),
 (535,28,0x3835,0,'2017-04-17','2017-04-17'),
 (536,28,0x343530,0,'2017-04-16','2017-04-16'),
 (537,28,0x3835,0,'2017-04-18','2017-04-18'),
 (538,28,0x313030,0,'2017-04-19','2017-04-19'),
 (539,28,0x3935,0,'2017-04-20','2017-04-20'),
 (540,28,0x3935,0,'2017-04-21','2017-04-21'),
 (541,28,0x3935,0,'2017-04-22','2017-04-22'),
 (542,25,0x313030,0,'2017-04-01','2017-04-01'),
 (543,25,0x313030,0,'2017-03-31','2017-03-31'),
 (544,25,0x313030,0,'2017-04-03','2017-04-03'),
 (545,25,0x343735,0,'2017-04-02','2017-04-02'),
 (546,25,0x3935,0,'2017-04-04','2017-04-04'),
 (547,25,0x313030,0,'2017-04-05','2017-04-05'),
 (548,25,0x3935,0,'2017-04-06','2017-04-06'),
 (549,25,0x313030,0,'2017-04-07','2017-04-07'),
 (550,25,0x313030,0,'2017-04-08','2017-04-08'),
 (551,25,0x3935,0,'2017-04-10','2017-04-10'),
 (552,25,0x323735,0,'2017-04-09','2017-04-09'),
 (553,25,0x3935,0,'2017-04-11','2017-04-11'),
 (554,25,0x3835,0,'2017-04-12','2017-04-12'),
 (555,25,0x30,0,'2017-04-13','2017-04-13'),
 (556,25,0x30,0,'2017-04-14','2017-04-14'),
 (557,25,0x30,0,'2017-04-15','2017-04-15'),
 (558,25,0x3835,0,'2017-04-17','2017-04-17'),
 (559,25,0x343530,0,'2017-04-16','2017-04-16'),
 (560,25,0x3835,0,'2017-04-18','2017-04-18'),
 (561,25,0x313030,0,'2017-04-19','2017-04-19'),
 (562,25,0x3935,0,'2017-04-20','2017-04-20'),
 (563,25,0x3935,0,'2017-04-21','2017-04-21'),
 (564,25,0x3935,0,'2017-04-22','2017-04-22'),
 (565,68,0x30,0,'2017-04-19','2017-04-19'),
 (566,68,0x313930,0,'2017-04-16','2017-04-16'),
 (567,68,0x3935,0,'2017-04-20','2017-04-20'),
 (568,68,0x3935,0,'2017-04-21','2017-04-21'),
 (569,68,0x3935,0,'2017-04-22','2017-04-22'),
 (570,32,0x313030,0,'2017-04-01','2017-04-01'),
 (571,32,0x313030,0,'2017-03-31','2017-03-31'),
 (572,32,0x30,0,'2017-04-03','2017-04-03'),
 (573,32,0x333730,0,'2017-04-02','2017-04-02'),
 (574,32,0x3835,0,'2017-04-04','2017-04-04'),
 (575,32,0x3835,0,'2017-04-05','2017-04-05'),
 (576,32,0x313030,0,'2017-04-06','2017-04-06'),
 (577,32,0x3835,0,'2017-04-07','2017-04-07'),
 (578,32,0x3835,0,'2017-04-08','2017-04-08'),
 (579,32,0x313030,0,'2017-04-10','2017-04-10'),
 (580,32,0x313935,0,'2017-04-09','2017-04-09'),
 (581,32,0x3935,0,'2017-04-11','2017-04-11'),
 (582,32,0x30,0,'2017-04-12','2017-04-12'),
 (583,32,0x30,0,'2017-04-13','2017-04-13'),
 (584,32,0x30,0,'2017-04-14','2017-04-14'),
 (585,32,0x30,0,'2017-04-15','2017-04-15'),
 (586,32,0x3835,0,'2017-04-17','2017-04-17'),
 (587,32,0x343830,0,'2017-04-16','2017-04-16'),
 (588,32,0x313030,0,'2017-04-18','2017-04-18'),
 (589,32,0x313030,0,'2017-04-19','2017-04-19'),
 (590,32,0x313030,0,'2017-04-20','2017-04-20'),
 (591,32,0x3935,0,'2017-04-21','2017-04-21'),
 (592,32,0x3935,0,'2017-04-22','2017-04-22'),
 (593,34,0x313030,0,'2017-04-01','2017-04-01'),
 (594,34,0x313030,0,'2017-03-31','2017-03-31'),
 (595,34,0x30,0,'2017-04-03','2017-04-03'),
 (596,34,0x333730,0,'2017-04-02','2017-04-02'),
 (597,34,0x3835,0,'2017-04-04','2017-04-04'),
 (598,34,0x3835,0,'2017-04-05','2017-04-05'),
 (599,34,0x313030,0,'2017-04-06','2017-04-06'),
 (600,34,0x3835,0,'2017-04-07','2017-04-07'),
 (601,34,0x3835,0,'2017-04-08','2017-04-08'),
 (602,34,0x313030,0,'2017-04-10','2017-04-10'),
 (603,34,0x313935,0,'2017-04-09','2017-04-09'),
 (604,34,0x3935,0,'2017-04-11','2017-04-11'),
 (605,34,0x30,0,'2017-04-12','2017-04-12'),
 (606,34,0x30,0,'2017-04-13','2017-04-13'),
 (607,34,0x30,0,'2017-04-14','2017-04-14'),
 (608,34,0x30,0,'2017-04-15','2017-04-15'),
 (609,34,0x3835,0,'2017-04-17','2017-04-17'),
 (610,34,0x343830,0,'2017-04-16','2017-04-16'),
 (611,34,0x313030,0,'2017-04-18','2017-04-18'),
 (612,34,0x313030,0,'2017-04-19','2017-04-19'),
 (613,34,0x313030,0,'2017-04-20','2017-04-20'),
 (614,34,0x3935,0,'2017-04-21','2017-04-21'),
 (615,34,0x3935,0,'2017-04-22','2017-04-22'),
 (616,40,0x313030,0,'2017-04-01','2017-04-01'),
 (617,40,0x313030,0,'2017-03-31','2017-03-31'),
 (618,40,0x30,0,'2017-04-03','2017-04-03'),
 (619,40,0x333730,0,'2017-04-02','2017-04-02'),
 (620,40,0x3835,0,'2017-04-04','2017-04-04'),
 (621,40,0x3835,0,'2017-04-05','2017-04-05'),
 (622,40,0x313030,0,'2017-04-06','2017-04-06'),
 (623,40,0x3835,0,'2017-04-07','2017-04-07'),
 (624,40,0x3835,0,'2017-04-08','2017-04-08'),
 (625,40,0x313030,0,'2017-04-10','2017-04-10'),
 (626,40,0x313935,0,'2017-04-09','2017-04-09'),
 (627,40,0x3935,0,'2017-04-11','2017-04-11'),
 (628,40,0x30,0,'2017-04-12','2017-04-12'),
 (629,40,0x30,0,'2017-04-13','2017-04-13'),
 (630,40,0x30,0,'2017-04-14','2017-04-14'),
 (631,40,0x30,0,'2017-04-15','2017-04-15'),
 (632,40,0x3835,0,'2017-04-17','2017-04-17'),
 (633,40,0x343830,0,'2017-04-16','2017-04-16'),
 (634,40,0x313030,0,'2017-04-18','2017-04-18'),
 (635,40,0x313030,0,'2017-04-19','2017-04-19'),
 (636,40,0x313030,0,'2017-04-20','2017-04-20'),
 (637,40,0x3935,0,'2017-04-21','2017-04-21'),
 (638,40,0x3935,0,'2017-04-22','2017-04-22'),
 (639,33,0x313030,0,'2017-04-01','2017-04-01'),
 (640,33,0x313030,0,'2017-03-31','2017-03-31'),
 (641,33,0x30,0,'2017-04-03','2017-04-03'),
 (642,33,0x333730,0,'2017-04-02','2017-04-02'),
 (643,33,0x3835,0,'2017-04-04','2017-04-04'),
 (644,33,0x3835,0,'2017-04-05','2017-04-05'),
 (645,33,0x313030,0,'2017-04-06','2017-04-06'),
 (646,33,0x3835,0,'2017-04-07','2017-04-07'),
 (647,33,0x3835,0,'2017-04-08','2017-04-08'),
 (648,33,0x313030,0,'2017-04-10','2017-04-10'),
 (649,33,0x313935,0,'2017-04-09','2017-04-09'),
 (650,33,0x3935,0,'2017-04-11','2017-04-11'),
 (651,33,0x30,0,'2017-04-12','2017-04-12'),
 (652,33,0x30,0,'2017-04-13','2017-04-13'),
 (653,33,0x30,0,'2017-04-14','2017-04-14'),
 (654,33,0x30,0,'2017-04-15','2017-04-15'),
 (655,33,0x3835,0,'2017-04-17','2017-04-17'),
 (656,33,0x343830,0,'2017-04-16','2017-04-16'),
 (657,33,0x313030,0,'2017-04-18','2017-04-18'),
 (658,33,0x313030,0,'2017-04-19','2017-04-19'),
 (659,33,0x313030,0,'2017-04-20','2017-04-20'),
 (660,33,0x3935,0,'2017-04-21','2017-04-21'),
 (661,33,0x3935,0,'2017-04-22','2017-04-22'),
 (662,41,0x313030,0,'2017-04-01','2017-04-01'),
 (663,41,0x313030,0,'2017-03-31','2017-03-31'),
 (664,41,0x30,0,'2017-04-03','2017-04-03'),
 (665,41,0x333730,0,'2017-04-02','2017-04-02'),
 (666,41,0x3835,0,'2017-04-04','2017-04-04'),
 (667,41,0x3835,0,'2017-04-05','2017-04-05'),
 (668,41,0x313030,0,'2017-04-06','2017-04-06'),
 (669,41,0x3835,0,'2017-04-07','2017-04-07'),
 (670,41,0x3835,0,'2017-04-08','2017-04-08'),
 (671,41,0x313030,0,'2017-04-10','2017-04-10'),
 (672,41,0x313935,0,'2017-04-09','2017-04-09'),
 (673,41,0x3935,0,'2017-04-11','2017-04-11'),
 (674,41,0x30,0,'2017-04-12','2017-04-12'),
 (675,41,0x30,0,'2017-04-13','2017-04-13'),
 (676,41,0x30,0,'2017-04-14','2017-04-14'),
 (677,41,0x30,0,'2017-04-15','2017-04-15'),
 (678,41,0x3835,0,'2017-04-17','2017-04-17'),
 (679,41,0x343830,0,'2017-04-16','2017-04-16'),
 (680,41,0x313030,0,'2017-04-18','2017-04-18'),
 (681,41,0x313030,0,'2017-04-19','2017-04-19'),
 (682,41,0x313030,0,'2017-04-20','2017-04-20'),
 (683,41,0x3935,0,'2017-04-21','2017-04-21'),
 (684,41,0x3935,0,'2017-04-22','2017-04-22'),
 (685,42,0x313030,0,'2017-04-01','2017-04-01'),
 (686,42,0x313030,0,'2017-03-31','2017-03-31'),
 (687,42,0x30,0,'2017-04-03','2017-04-03'),
 (688,42,0x333730,0,'2017-04-02','2017-04-02'),
 (689,42,0x3835,0,'2017-04-04','2017-04-04'),
 (690,42,0x3835,0,'2017-04-05','2017-04-05'),
 (691,42,0x313030,0,'2017-04-06','2017-04-06'),
 (692,42,0x3835,0,'2017-04-07','2017-04-07'),
 (693,42,0x3835,0,'2017-04-08','2017-04-08'),
 (694,42,0x313030,0,'2017-04-10','2017-04-10'),
 (695,42,0x313935,0,'2017-04-09','2017-04-09'),
 (696,42,0x3935,0,'2017-04-11','2017-04-11'),
 (697,42,0x30,0,'2017-04-12','2017-04-12'),
 (698,42,0x30,0,'2017-04-13','2017-04-13'),
 (699,42,0x30,0,'2017-04-14','2017-04-14'),
 (700,42,0x30,0,'2017-04-15','2017-04-15'),
 (701,42,0x3835,0,'2017-04-17','2017-04-17'),
 (702,42,0x343830,0,'2017-04-16','2017-04-16'),
 (703,42,0x313030,0,'2017-04-18','2017-04-18'),
 (704,42,0x313030,0,'2017-04-19','2017-04-19'),
 (705,42,0x313030,0,'2017-04-20','2017-04-20'),
 (706,42,0x3935,0,'2017-04-21','2017-04-21'),
 (707,42,0x3935,0,'2017-04-22','2017-04-22'),
 (708,35,0x313030,0,'2017-04-01','2017-04-01'),
 (709,35,0x313030,0,'2017-03-31','2017-03-31'),
 (710,35,0x30,0,'2017-04-03','2017-04-03'),
 (711,35,0x333730,0,'2017-04-02','2017-04-02'),
 (712,35,0x3835,0,'2017-04-04','2017-04-04'),
 (713,35,0x3835,0,'2017-04-05','2017-04-05'),
 (714,35,0x313030,0,'2017-04-06','2017-04-06'),
 (715,35,0x3835,0,'2017-04-07','2017-04-07'),
 (716,35,0x3835,0,'2017-04-08','2017-04-08'),
 (717,35,0x313030,0,'2017-04-10','2017-04-10'),
 (718,35,0x313935,0,'2017-04-09','2017-04-09'),
 (719,35,0x3935,0,'2017-04-11','2017-04-11'),
 (720,35,0x30,0,'2017-04-12','2017-04-12'),
 (721,35,0x30,0,'2017-04-13','2017-04-13'),
 (722,35,0x30,0,'2017-04-14','2017-04-14'),
 (723,35,0x30,0,'2017-04-15','2017-04-15'),
 (724,35,0x3835,0,'2017-04-17','2017-04-17'),
 (725,35,0x343830,0,'2017-04-16','2017-04-16'),
 (726,35,0x313030,0,'2017-04-18','2017-04-18'),
 (727,35,0x313030,0,'2017-04-19','2017-04-19'),
 (728,35,0x313030,0,'2017-04-20','2017-04-20'),
 (729,35,0x3935,0,'2017-04-21','2017-04-21'),
 (730,35,0x3935,0,'2017-04-22','2017-04-22'),
 (731,43,0x313030,0,'2017-04-01','2017-04-01'),
 (732,43,0x313030,0,'2017-03-31','2017-03-31'),
 (733,43,0x30,0,'2017-04-03','2017-04-03'),
 (734,43,0x333730,0,'2017-04-02','2017-04-02'),
 (735,43,0x3835,0,'2017-04-04','2017-04-04'),
 (736,43,0x3835,0,'2017-04-05','2017-04-05'),
 (737,43,0x313030,0,'2017-04-06','2017-04-06'),
 (738,43,0x3835,0,'2017-04-07','2017-04-07'),
 (739,43,0x3835,0,'2017-04-08','2017-04-08'),
 (740,43,0x313030,0,'2017-04-10','2017-04-10'),
 (741,43,0x313935,0,'2017-04-09','2017-04-09'),
 (742,43,0x3935,0,'2017-04-11','2017-04-11'),
 (743,43,0x30,0,'2017-04-12','2017-04-12'),
 (744,43,0x30,0,'2017-04-13','2017-04-13'),
 (745,43,0x30,0,'2017-04-14','2017-04-14'),
 (746,43,0x30,0,'2017-04-15','2017-04-15'),
 (747,43,0x3835,0,'2017-04-17','2017-04-17'),
 (748,43,0x343830,0,'2017-04-16','2017-04-16'),
 (749,43,0x313030,0,'2017-04-18','2017-04-18'),
 (750,43,0x313030,0,'2017-04-19','2017-04-19'),
 (751,43,0x313030,0,'2017-04-20','2017-04-20'),
 (752,43,0x3935,0,'2017-04-21','2017-04-21'),
 (753,43,0x3935,0,'2017-04-22','2017-04-22'),
 (754,36,0x313030,0,'2017-04-01','2017-04-01'),
 (755,36,0x313030,0,'2017-03-31','2017-03-31'),
 (756,36,0x30,0,'2017-04-03','2017-04-03'),
 (757,36,0x333730,0,'2017-04-02','2017-04-02'),
 (758,36,0x3835,0,'2017-04-04','2017-04-04'),
 (759,36,0x3835,0,'2017-04-05','2017-04-05'),
 (760,36,0x313030,0,'2017-04-06','2017-04-06'),
 (761,36,0x3835,0,'2017-04-07','2017-04-07'),
 (762,36,0x3835,0,'2017-04-08','2017-04-08'),
 (763,36,0x313030,0,'2017-04-10','2017-04-10'),
 (764,36,0x313935,0,'2017-04-09','2017-04-09'),
 (765,36,0x3935,0,'2017-04-11','2017-04-11'),
 (766,36,0x30,0,'2017-04-12','2017-04-12'),
 (767,36,0x30,0,'2017-04-13','2017-04-13'),
 (768,36,0x30,0,'2017-04-14','2017-04-14'),
 (769,36,0x30,0,'2017-04-15','2017-04-15'),
 (770,36,0x3835,0,'2017-04-17','2017-04-17'),
 (771,36,0x343830,0,'2017-04-16','2017-04-16'),
 (772,36,0x313030,0,'2017-04-18','2017-04-18'),
 (773,36,0x313030,0,'2017-04-19','2017-04-19'),
 (774,36,0x313030,0,'2017-04-20','2017-04-20'),
 (775,36,0x3935,0,'2017-04-21','2017-04-21'),
 (776,36,0x3935,0,'2017-04-22','2017-04-22'),
 (777,31,0x313030,0,'2017-04-01','2017-04-01'),
 (778,31,0x313030,0,'2017-03-31','2017-03-31'),
 (779,31,0x30,0,'2017-04-03','2017-04-03'),
 (780,31,0x333730,0,'2017-04-02','2017-04-02'),
 (781,31,0x3835,0,'2017-04-04','2017-04-04'),
 (782,31,0x3835,0,'2017-04-05','2017-04-05'),
 (783,31,0x313030,0,'2017-04-06','2017-04-06'),
 (784,31,0x3835,0,'2017-04-07','2017-04-07'),
 (785,31,0x3835,0,'2017-04-08','2017-04-08'),
 (786,31,0x313030,0,'2017-04-10','2017-04-10'),
 (787,31,0x313935,0,'2017-04-09','2017-04-09'),
 (788,31,0x3935,0,'2017-04-11','2017-04-11'),
 (789,31,0x30,0,'2017-04-12','2017-04-12'),
 (790,31,0x30,0,'2017-04-13','2017-04-13'),
 (791,31,0x30,0,'2017-04-14','2017-04-14'),
 (792,31,0x30,0,'2017-04-15','2017-04-15'),
 (793,31,0x3835,0,'2017-04-17','2017-04-17'),
 (794,31,0x343830,0,'2017-04-16','2017-04-16'),
 (795,31,0x313030,0,'2017-04-18','2017-04-18'),
 (796,31,0x313030,0,'2017-04-19','2017-04-19'),
 (797,31,0x313030,0,'2017-04-20','2017-04-20'),
 (798,31,0x3935,0,'2017-04-21','2017-04-21'),
 (799,31,0x3935,0,'2017-04-22','2017-04-22'),
 (800,38,0x313030,0,'2017-04-01','2017-04-01'),
 (801,38,0x313030,0,'2017-03-31','2017-03-31'),
 (802,38,0x30,0,'2017-04-03','2017-04-03'),
 (803,38,0x333730,0,'2017-04-02','2017-04-02'),
 (804,38,0x3835,0,'2017-04-04','2017-04-04'),
 (805,38,0x3835,0,'2017-04-05','2017-04-05'),
 (806,38,0x313030,0,'2017-04-06','2017-04-06'),
 (807,38,0x3835,0,'2017-04-07','2017-04-07'),
 (808,38,0x3835,0,'2017-04-08','2017-04-08'),
 (809,38,0x313030,0,'2017-04-10','2017-04-10'),
 (810,38,0x313935,0,'2017-04-09','2017-04-09'),
 (811,38,0x3935,0,'2017-04-11','2017-04-11'),
 (812,38,0x30,0,'2017-04-12','2017-04-12'),
 (813,38,0x30,0,'2017-04-13','2017-04-13'),
 (814,38,0x30,0,'2017-04-14','2017-04-14'),
 (815,38,0x30,0,'2017-04-15','2017-04-15'),
 (816,38,0x3835,0,'2017-04-17','2017-04-17'),
 (817,38,0x343830,0,'2017-04-16','2017-04-16'),
 (818,38,0x313030,0,'2017-04-18','2017-04-18'),
 (819,38,0x313030,0,'2017-04-19','2017-04-19'),
 (820,38,0x313030,0,'2017-04-20','2017-04-20'),
 (821,38,0x3935,0,'2017-04-21','2017-04-21'),
 (822,38,0x3935,0,'2017-04-22','2017-04-22'),
 (823,69,0x313030,0,'2017-04-01','2017-04-01'),
 (824,69,0x313030,0,'2017-03-31','2017-03-31'),
 (825,69,0x30,0,'2017-04-03','2017-04-03'),
 (826,69,0x333730,0,'2017-04-02','2017-04-02'),
 (827,69,0x3835,0,'2017-04-04','2017-04-04'),
 (828,69,0x3835,0,'2017-04-05','2017-04-05'),
 (829,69,0x313030,0,'2017-04-06','2017-04-06'),
 (830,69,0x3835,0,'2017-04-07','2017-04-07'),
 (831,69,0x3835,0,'2017-04-08','2017-04-08'),
 (832,69,0x313030,0,'2017-04-10','2017-04-10'),
 (833,69,0x313935,0,'2017-04-09','2017-04-09'),
 (834,69,0x3935,0,'2017-04-11','2017-04-11'),
 (835,69,0x30,0,'2017-04-12','2017-04-12'),
 (836,69,0x30,0,'2017-04-13','2017-04-13'),
 (837,69,0x30,0,'2017-04-14','2017-04-14'),
 (838,69,0x30,0,'2017-04-15','2017-04-15'),
 (839,69,0x3835,0,'2017-04-17','2017-04-17'),
 (840,69,0x343830,0,'2017-04-16','2017-04-16'),
 (841,69,0x313030,0,'2017-04-18','2017-04-18'),
 (842,69,0x313030,0,'2017-04-19','2017-04-19'),
 (843,69,0x313030,0,'2017-04-20','2017-04-20'),
 (844,69,0x3935,0,'2017-04-21','2017-04-21'),
 (845,69,0x3935,0,'2017-04-22','2017-04-22'),
 (846,70,0x30,0,'2017-04-01','2017-04-01'),
 (847,70,0x30,0,'2017-03-31','2017-03-31'),
 (848,70,0x30,0,'2017-04-17','2017-04-17'),
 (849,70,0x333030,0,'2017-04-16','2017-04-16'),
 (850,70,0x30,0,'2017-04-18','2017-04-18'),
 (851,70,0x313030,0,'2017-04-19','2017-04-19'),
 (852,70,0x313030,0,'2017-04-20','2017-04-20'),
 (853,70,0x313030,0,'2017-04-21','2017-04-21'),
 (854,70,0x313030,0,'2017-04-22','2017-04-22'),
 (855,70,0x30,0,'2017-04-03','2017-04-03'),
 (856,70,0x30,0,'2017-04-02','2017-04-02'),
 (857,70,0x30,0,'2017-04-04','2017-04-04'),
 (858,70,0x30,0,'2017-04-05','2017-04-05'),
 (859,70,0x30,0,'2017-04-06','2017-04-06'),
 (860,70,0x30,0,'2017-04-07','2017-04-07'),
 (861,70,0x30,0,'2017-04-08','2017-04-08'),
 (862,70,0x30,0,'2017-04-10','2017-04-10'),
 (863,70,0x30,0,'2017-04-09','2017-04-09'),
 (864,70,0x30,0,'2017-04-11','2017-04-11'),
 (865,70,0x30,0,'2017-04-12','2017-04-12'),
 (866,70,0x30,0,'2017-04-13','2017-04-13'),
 (867,70,0x30,0,'2017-04-14','2017-04-14'),
 (868,70,0x30,0,'2017-04-15','2017-04-15'),
 (869,71,0x313030,0,'2017-04-19','2017-04-19'),
 (870,71,0x333030,0,'2017-04-16','2017-04-16'),
 (871,71,0x313030,0,'2017-04-20','2017-04-20'),
 (872,71,0x313030,0,'2017-04-21','2017-04-21'),
 (873,71,0x313030,0,'2017-04-22','2017-04-22'),
 (874,71,0x30,0,'2017-04-17','2017-04-17'),
 (875,71,0x30,0,'2017-04-18','2017-04-18'),
 (876,46,0x313030,0,'2017-04-01','2017-04-01'),
 (877,46,0x313030,0,'2017-03-31','2017-03-31'),
 (878,46,0x30,0,'2017-04-03','2017-04-03'),
 (879,46,0x3835,0,'2017-04-02','2017-04-02'),
 (880,46,0x3835,0,'2017-04-04','2017-04-04'),
 (881,46,0x30,0,'2017-04-05','2017-04-05'),
 (882,46,0x30,0,'2017-04-06','2017-04-06'),
 (883,46,0x30,0,'2017-04-07','2017-04-07'),
 (884,46,0x30,0,'2017-04-08','2017-04-08'),
 (885,46,0x313030,0,'2017-04-10','2017-04-10'),
 (886,46,0x323835,0,'2017-04-09','2017-04-09'),
 (887,46,0x313030,0,'2017-04-11','2017-04-11'),
 (888,46,0x3835,0,'2017-04-12','2017-04-12'),
 (889,46,0x30,0,'2017-04-13','2017-04-13'),
 (890,46,0x30,0,'2017-04-14','2017-04-14'),
 (891,46,0x30,0,'2017-04-15','2017-04-15'),
 (892,46,0x3935,0,'2017-04-17','2017-04-17'),
 (893,46,0x343935,0,'2017-04-16','2017-04-16'),
 (894,46,0x313030,0,'2017-04-18','2017-04-18'),
 (895,46,0x313030,0,'2017-04-19','2017-04-19'),
 (896,46,0x313030,0,'2017-04-20','2017-04-20'),
 (897,46,0x313030,0,'2017-04-21','2017-04-21'),
 (898,46,0x313030,0,'2017-04-22','2017-04-22'),
 (899,72,0x313030,0,'2017-04-01','2017-04-01'),
 (900,72,0x313030,0,'2017-03-31','2017-03-31'),
 (901,72,0x30,0,'2017-04-03','2017-04-03'),
 (902,72,0x3835,0,'2017-04-02','2017-04-02'),
 (903,72,0x3835,0,'2017-04-04','2017-04-04'),
 (904,72,0x30,0,'2017-04-05','2017-04-05'),
 (905,72,0x30,0,'2017-04-06','2017-04-06'),
 (906,72,0x30,0,'2017-04-07','2017-04-07'),
 (907,72,0x30,0,'2017-04-08','2017-04-08'),
 (908,72,0x313030,0,'2017-04-10','2017-04-10'),
 (909,72,0x323835,0,'2017-04-09','2017-04-09'),
 (910,72,0x313030,0,'2017-04-11','2017-04-11'),
 (911,72,0x3835,0,'2017-04-12','2017-04-12'),
 (912,72,0x30,0,'2017-04-13','2017-04-13'),
 (913,72,0x30,0,'2017-04-14','2017-04-14'),
 (914,72,0x30,0,'2017-04-15','2017-04-15'),
 (915,72,0x3935,0,'2017-04-17','2017-04-17'),
 (916,72,0x343935,0,'2017-04-16','2017-04-16'),
 (917,72,0x313030,0,'2017-04-18','2017-04-18'),
 (918,72,0x313030,0,'2017-04-19','2017-04-19'),
 (919,72,0x313030,0,'2017-04-20','2017-04-20'),
 (920,72,0x313030,0,'2017-04-21','2017-04-21'),
 (921,72,0x313030,0,'2017-04-22','2017-04-22'),
 (922,73,0x313030,0,'2017-04-01','2017-04-01'),
 (923,73,0x313030,0,'2017-03-31','2017-03-31'),
 (924,73,0x30,0,'2017-04-03','2017-04-03'),
 (925,73,0x3835,0,'2017-04-02','2017-04-02'),
 (926,73,0x3835,0,'2017-04-04','2017-04-04'),
 (927,73,0x30,0,'2017-04-05','2017-04-05'),
 (928,73,0x30,0,'2017-04-06','2017-04-06'),
 (929,73,0x30,0,'2017-04-07','2017-04-07'),
 (930,73,0x30,0,'2017-04-08','2017-04-08'),
 (931,73,0x313030,0,'2017-04-10','2017-04-10'),
 (932,73,0x323835,0,'2017-04-09','2017-04-09'),
 (933,73,0x313030,0,'2017-04-11','2017-04-11'),
 (934,73,0x3835,0,'2017-04-12','2017-04-12'),
 (935,73,0x30,0,'2017-04-13','2017-04-13'),
 (936,73,0x30,0,'2017-04-14','2017-04-14'),
 (937,73,0x30,0,'2017-04-15','2017-04-15'),
 (938,73,0x3935,0,'2017-04-17','2017-04-17'),
 (939,73,0x343935,0,'2017-04-16','2017-04-16'),
 (940,73,0x313030,0,'2017-04-18','2017-04-18'),
 (941,73,0x313030,0,'2017-04-19','2017-04-19'),
 (942,73,0x313030,0,'2017-04-20','2017-04-20'),
 (943,73,0x313030,0,'2017-04-21','2017-04-21'),
 (944,73,0x313030,0,'2017-04-22','2017-04-22'),
 (945,22,0x3835,0,'2017-04-24','2017-04-24'),
 (946,22,0x323830,0,'2017-04-23','2017-04-23'),
 (947,22,0x30,0,'2017-04-27','2017-04-27'),
 (948,22,0x30,0,'2017-04-28','2017-04-28'),
 (949,22,0x30,0,'2017-04-29','2017-04-29'),
 (950,22,0x313030,0,'2017-04-26','2017-04-26'),
 (951,47,0x313030,0,'2017-04-01','2017-04-01'),
 (952,47,0x313030,0,'2017-03-31','2017-03-31'),
 (953,47,0x30,0,'2017-04-03','2017-04-03'),
 (954,47,0x3835,0,'2017-04-02','2017-04-02'),
 (955,47,0x3835,0,'2017-04-04','2017-04-04'),
 (956,47,0x30,0,'2017-04-05','2017-04-05'),
 (957,47,0x30,0,'2017-04-06','2017-04-06'),
 (958,47,0x30,0,'2017-04-07','2017-04-07'),
 (959,47,0x30,0,'2017-04-08','2017-04-08'),
 (960,47,0x313030,0,'2017-04-10','2017-04-10'),
 (961,47,0x323835,0,'2017-04-09','2017-04-09'),
 (962,47,0x313030,0,'2017-04-11','2017-04-11'),
 (963,47,0x3835,0,'2017-04-12','2017-04-12'),
 (964,47,0x30,0,'2017-04-13','2017-04-13'),
 (965,47,0x30,0,'2017-04-14','2017-04-14'),
 (966,47,0x30,0,'2017-04-15','2017-04-15'),
 (967,47,0x3935,0,'2017-04-17','2017-04-17'),
 (968,47,0x343935,0,'2017-04-16','2017-04-16'),
 (969,47,0x313030,0,'2017-04-18','2017-04-18'),
 (970,47,0x313030,0,'2017-04-19','2017-04-19'),
 (971,47,0x313030,0,'2017-04-20','2017-04-20'),
 (972,47,0x313030,0,'2017-04-21','2017-04-21'),
 (973,47,0x313030,0,'2017-04-22','2017-04-22'),
 (974,48,0x313030,0,'2017-04-01','2017-04-01'),
 (975,48,0x313030,0,'2017-03-31','2017-03-31'),
 (976,48,0x30,0,'2017-04-03','2017-04-03'),
 (977,48,0x3835,0,'2017-04-02','2017-04-02'),
 (978,48,0x3835,0,'2017-04-04','2017-04-04'),
 (979,48,0x30,0,'2017-04-05','2017-04-05'),
 (980,48,0x30,0,'2017-04-06','2017-04-06'),
 (981,48,0x30,0,'2017-04-07','2017-04-07'),
 (982,48,0x30,0,'2017-04-08','2017-04-08'),
 (983,48,0x313030,0,'2017-04-10','2017-04-10'),
 (984,48,0x323835,0,'2017-04-09','2017-04-09'),
 (985,48,0x313030,0,'2017-04-11','2017-04-11'),
 (986,48,0x3835,0,'2017-04-12','2017-04-12'),
 (987,48,0x30,0,'2017-04-13','2017-04-13'),
 (988,48,0x30,0,'2017-04-14','2017-04-14'),
 (989,48,0x30,0,'2017-04-15','2017-04-15'),
 (990,48,0x3935,0,'2017-04-17','2017-04-17'),
 (991,48,0x343935,0,'2017-04-16','2017-04-16'),
 (992,48,0x313030,0,'2017-04-18','2017-04-18'),
 (993,48,0x313030,0,'2017-04-19','2017-04-19'),
 (994,48,0x313030,0,'2017-04-20','2017-04-20'),
 (995,48,0x313030,0,'2017-04-21','2017-04-21'),
 (996,48,0x313030,0,'2017-04-22','2017-04-22'),
 (997,52,0x313030,0,'2017-04-01','2017-04-01'),
 (998,52,0x313030,0,'2017-03-31','2017-03-31'),
 (999,52,0x30,0,'2017-04-03','2017-04-03'),
 (1000,52,0x3835,0,'2017-04-02','2017-04-02'),
 (1001,52,0x3835,0,'2017-04-04','2017-04-04'),
 (1002,52,0x30,0,'2017-04-05','2017-04-05'),
 (1003,52,0x30,0,'2017-04-06','2017-04-06'),
 (1004,52,0x30,0,'2017-04-07','2017-04-07'),
 (1005,52,0x30,0,'2017-04-08','2017-04-08'),
 (1006,52,0x313030,0,'2017-04-10','2017-04-10'),
 (1007,52,0x323835,0,'2017-04-09','2017-04-09'),
 (1008,52,0x313030,0,'2017-04-11','2017-04-11'),
 (1009,52,0x3835,0,'2017-04-12','2017-04-12'),
 (1010,52,0x30,0,'2017-04-13','2017-04-13'),
 (1011,52,0x30,0,'2017-04-14','2017-04-14'),
 (1012,52,0x30,0,'2017-04-15','2017-04-15'),
 (1013,52,0x3935,0,'2017-04-17','2017-04-17'),
 (1014,52,0x343935,0,'2017-04-16','2017-04-16'),
 (1015,52,0x313030,0,'2017-04-18','2017-04-18'),
 (1016,52,0x313030,0,'2017-04-19','2017-04-19'),
 (1017,52,0x313030,0,'2017-04-20','2017-04-20'),
 (1018,52,0x313030,0,'2017-04-21','2017-04-21'),
 (1019,52,0x313030,0,'2017-04-22','2017-04-22'),
 (1020,50,0x3835,0,'2017-04-17','2017-04-17'),
 (1021,50,0x343830,0,'2017-04-16','2017-04-16'),
 (1022,50,0x313030,0,'2017-04-18','2017-04-18'),
 (1023,50,0x313030,0,'2017-04-19','2017-04-19'),
 (1024,50,0x313030,0,'2017-04-20','2017-04-20'),
 (1025,50,0x3935,0,'2017-04-21','2017-04-21'),
 (1026,50,0x3935,0,'2017-04-22','2017-04-22'),
 (1027,50,0x313030,0,'2017-04-01','2017-04-01'),
 (1028,50,0x313030,0,'2017-03-31','2017-03-31'),
 (1029,50,0x30,0,'2017-04-03','2017-04-03'),
 (1030,50,0x3835,0,'2017-04-02','2017-04-02'),
 (1031,50,0x3835,0,'2017-04-04','2017-04-04'),
 (1032,50,0x30,0,'2017-04-05','2017-04-05'),
 (1033,50,0x30,0,'2017-04-06','2017-04-06'),
 (1034,50,0x30,0,'2017-04-07','2017-04-07'),
 (1035,50,0x30,0,'2017-04-08','2017-04-08'),
 (1036,50,0x313030,0,'2017-04-10','2017-04-10'),
 (1037,50,0x323835,0,'2017-04-09','2017-04-09'),
 (1038,50,0x313030,0,'2017-04-11','2017-04-11'),
 (1039,50,0x3835,0,'2017-04-12','2017-04-12'),
 (1040,50,0x30,0,'2017-04-13','2017-04-13'),
 (1041,50,0x30,0,'2017-04-14','2017-04-14'),
 (1042,50,0x30,0,'2017-04-15','2017-04-15'),
 (1043,29,0x313030,0,'2017-04-01','2017-04-01'),
 (1044,29,0x313030,0,'2017-03-31','2017-03-31'),
 (1045,29,0x30,0,'2017-04-03','2017-04-03'),
 (1046,29,0x333730,0,'2017-04-02','2017-04-02'),
 (1047,29,0x3835,0,'2017-04-04','2017-04-04'),
 (1048,29,0x3835,0,'2017-04-05','2017-04-05'),
 (1049,29,0x313030,0,'2017-04-06','2017-04-06'),
 (1050,29,0x3835,0,'2017-04-07','2017-04-07'),
 (1051,29,0x3835,0,'2017-04-08','2017-04-08'),
 (1052,29,0x313030,0,'2017-04-10','2017-04-10'),
 (1053,29,0x313935,0,'2017-04-09','2017-04-09'),
 (1054,29,0x3935,0,'2017-04-11','2017-04-11'),
 (1055,29,0x30,0,'2017-04-12','2017-04-12'),
 (1056,29,0x30,0,'2017-04-13','2017-04-13'),
 (1057,29,0x30,0,'2017-04-14','2017-04-14'),
 (1058,29,0x30,0,'2017-04-15','2017-04-15'),
 (1059,29,0x3835,0,'2017-04-17','2017-04-17'),
 (1060,29,0x343830,0,'2017-04-16','2017-04-16'),
 (1061,29,0x313030,0,'2017-04-18','2017-04-18'),
 (1062,29,0x313030,0,'2017-04-19','2017-04-19'),
 (1063,29,0x313030,0,'2017-04-20','2017-04-20'),
 (1064,29,0x3935,0,'2017-04-21','2017-04-21'),
 (1065,29,0x3935,0,'2017-04-22','2017-04-22'),
 (1066,74,0x313030,0,'2017-04-01','2017-04-01'),
 (1067,74,0x313030,0,'2017-03-31','2017-03-31'),
 (1068,74,0x30,0,'2017-04-03','2017-04-03'),
 (1069,74,0x3835,0,'2017-04-02','2017-04-02'),
 (1070,74,0x3835,0,'2017-04-04','2017-04-04'),
 (1071,74,0x30,0,'2017-04-05','2017-04-05'),
 (1072,74,0x30,0,'2017-04-06','2017-04-06'),
 (1073,74,0x30,0,'2017-04-07','2017-04-07'),
 (1074,74,0x30,0,'2017-04-08','2017-04-08'),
 (1075,74,0x313030,0,'2017-04-10','2017-04-10'),
 (1076,74,0x323835,0,'2017-04-09','2017-04-09'),
 (1077,74,0x313030,0,'2017-04-11','2017-04-11'),
 (1078,74,0x3835,0,'2017-04-12','2017-04-12'),
 (1079,74,0x30,0,'2017-04-13','2017-04-13'),
 (1080,74,0x30,0,'2017-04-14','2017-04-14'),
 (1081,74,0x30,0,'2017-04-15','2017-04-15'),
 (1082,74,0x3935,0,'2017-04-17','2017-04-17'),
 (1083,74,0x343935,0,'2017-04-16','2017-04-16'),
 (1084,74,0x313030,0,'2017-04-18','2017-04-18'),
 (1085,74,0x313030,0,'2017-04-19','2017-04-19'),
 (1086,74,0x313030,0,'2017-04-20','2017-04-20'),
 (1087,74,0x313030,0,'2017-04-21','2017-04-21'),
 (1088,74,0x313030,0,'2017-04-22','2017-04-22'),
 (1089,75,0x313030,0,'2017-04-01','2017-04-01'),
 (1090,75,0x313030,0,'2017-03-31','2017-03-31'),
 (1091,75,0x30,0,'2017-04-03','2017-04-03'),
 (1092,75,0x3835,0,'2017-04-02','2017-04-02'),
 (1093,75,0x3835,0,'2017-04-04','2017-04-04'),
 (1094,75,0x30,0,'2017-04-05','2017-04-05'),
 (1095,75,0x30,0,'2017-04-06','2017-04-06'),
 (1096,75,0x30,0,'2017-04-07','2017-04-07'),
 (1097,75,0x30,0,'2017-04-08','2017-04-08'),
 (1098,75,0x313030,0,'2017-04-10','2017-04-10'),
 (1099,75,0x323835,0,'2017-04-09','2017-04-09'),
 (1100,75,0x313030,0,'2017-04-11','2017-04-11'),
 (1101,75,0x3835,0,'2017-04-12','2017-04-12'),
 (1102,75,0x30,0,'2017-04-13','2017-04-13'),
 (1103,75,0x30,0,'2017-04-14','2017-04-14'),
 (1104,75,0x30,0,'2017-04-15','2017-04-15'),
 (1105,75,0x3935,0,'2017-04-17','2017-04-17'),
 (1106,75,0x343935,0,'2017-04-16','2017-04-16'),
 (1107,75,0x313030,0,'2017-04-18','2017-04-18'),
 (1108,75,0x313030,0,'2017-04-19','2017-04-19'),
 (1109,75,0x313030,0,'2017-04-20','2017-04-20'),
 (1110,75,0x313030,0,'2017-04-21','2017-04-21'),
 (1111,75,0x313030,0,'2017-04-22','2017-04-22'),
 (1112,49,0x313030,0,'2017-04-01','2017-04-01'),
 (1113,49,0x313030,0,'2017-03-31','2017-03-31'),
 (1114,49,0x30,0,'2017-04-03','2017-04-03'),
 (1115,49,0x3835,0,'2017-04-02','2017-04-02'),
 (1116,49,0x3835,0,'2017-04-04','2017-04-04'),
 (1117,49,0x30,0,'2017-04-05','2017-04-05'),
 (1118,49,0x30,0,'2017-04-06','2017-04-06'),
 (1119,49,0x30,0,'2017-04-07','2017-04-07'),
 (1120,49,0x30,0,'2017-04-08','2017-04-08'),
 (1121,49,0x313030,0,'2017-04-10','2017-04-10'),
 (1122,49,0x323835,0,'2017-04-09','2017-04-09'),
 (1123,49,0x313030,0,'2017-04-11','2017-04-11'),
 (1124,49,0x3835,0,'2017-04-12','2017-04-12'),
 (1125,49,0x30,0,'2017-04-13','2017-04-13'),
 (1126,49,0x30,0,'2017-04-14','2017-04-14'),
 (1127,49,0x30,0,'2017-04-15','2017-04-15'),
 (1128,49,0x3935,0,'2017-04-17','2017-04-17'),
 (1129,49,0x343935,0,'2017-04-16','2017-04-16'),
 (1130,49,0x313030,0,'2017-04-18','2017-04-18'),
 (1131,49,0x313030,0,'2017-04-19','2017-04-19'),
 (1132,49,0x313030,0,'2017-04-20','2017-04-20'),
 (1133,49,0x313030,0,'2017-04-21','2017-04-21'),
 (1134,49,0x313030,0,'2017-04-22','2017-04-22'),
 (1135,76,0x313030,0,'2017-04-01','2017-04-01'),
 (1136,76,0x313030,0,'2017-03-31','2017-03-31'),
 (1137,76,0x30,0,'2017-04-03','2017-04-03'),
 (1138,76,0x3835,0,'2017-04-02','2017-04-02'),
 (1139,76,0x3835,0,'2017-04-04','2017-04-04'),
 (1140,76,0x30,0,'2017-04-05','2017-04-05'),
 (1141,76,0x30,0,'2017-04-06','2017-04-06'),
 (1142,76,0x30,0,'2017-04-07','2017-04-07'),
 (1143,76,0x30,0,'2017-04-08','2017-04-08'),
 (1144,76,0x313030,0,'2017-04-10','2017-04-10'),
 (1145,76,0x323835,0,'2017-04-09','2017-04-09'),
 (1146,76,0x313030,0,'2017-04-11','2017-04-11'),
 (1147,76,0x3835,0,'2017-04-12','2017-04-12'),
 (1148,76,0x30,0,'2017-04-13','2017-04-13'),
 (1149,76,0x30,0,'2017-04-14','2017-04-14'),
 (1150,76,0x30,0,'2017-04-15','2017-04-15'),
 (1151,76,0x3935,0,'2017-04-17','2017-04-17'),
 (1152,76,0x343935,0,'2017-04-16','2017-04-16'),
 (1153,76,0x313030,0,'2017-04-18','2017-04-18'),
 (1154,76,0x313030,0,'2017-04-19','2017-04-19'),
 (1155,76,0x313030,0,'2017-04-20','2017-04-20'),
 (1156,76,0x313030,0,'2017-04-21','2017-04-21'),
 (1157,76,0x313030,0,'2017-04-22','2017-04-22'),
 (1158,58,0x30,0,'2017-04-15','2017-04-15'),
 (1159,58,0x30,0,'2017-04-14','2017-04-14'),
 (1160,58,0x3935,0,'2017-04-17','2017-04-17'),
 (1161,58,0x343935,0,'2017-04-16','2017-04-16'),
 (1162,58,0x313030,0,'2017-04-18','2017-04-18'),
 (1163,58,0x313030,0,'2017-04-19','2017-04-19'),
 (1164,58,0x313030,0,'2017-04-20','2017-04-20'),
 (1165,58,0x313030,0,'2017-04-21','2017-04-21'),
 (1166,58,0x313030,0,'2017-04-22','2017-04-22'),
 (1167,58,0x30,0,'2017-04-01','2017-04-01'),
 (1168,58,0x30,0,'2017-03-31','2017-03-31'),
 (1169,58,0x30,0,'2017-04-03','2017-04-03'),
 (1170,58,0x313935,0,'2017-04-02','2017-04-02'),
 (1171,58,0x3935,0,'2017-04-04','2017-04-04'),
 (1172,58,0x313030,0,'2017-04-05','2017-04-05'),
 (1173,58,0x30,0,'2017-04-06','2017-04-06'),
 (1174,58,0x30,0,'2017-04-07','2017-04-07'),
 (1175,58,0x30,0,'2017-04-08','2017-04-08'),
 (1176,58,0x313030,0,'2017-04-10','2017-04-10'),
 (1177,58,0x333030,0,'2017-04-09','2017-04-09'),
 (1178,58,0x313030,0,'2017-04-11','2017-04-11'),
 (1179,58,0x313030,0,'2017-04-12','2017-04-12'),
 (1180,58,0x30,0,'2017-04-13','2017-04-13'),
 (1181,77,0x313030,0,'2017-04-01','2017-04-01'),
 (1182,77,0x313030,0,'2017-03-31','2017-03-31'),
 (1183,77,0x30,0,'2017-04-03','2017-04-03'),
 (1184,77,0x3835,0,'2017-04-02','2017-04-02'),
 (1185,77,0x3835,0,'2017-04-04','2017-04-04'),
 (1186,77,0x30,0,'2017-04-05','2017-04-05'),
 (1187,77,0x30,0,'2017-04-06','2017-04-06'),
 (1188,77,0x30,0,'2017-04-07','2017-04-07'),
 (1189,77,0x30,0,'2017-04-08','2017-04-08'),
 (1190,77,0x313030,0,'2017-04-10','2017-04-10'),
 (1191,77,0x323835,0,'2017-04-09','2017-04-09'),
 (1192,77,0x313030,0,'2017-04-11','2017-04-11'),
 (1193,77,0x3835,0,'2017-04-12','2017-04-12'),
 (1194,77,0x30,0,'2017-04-13','2017-04-13'),
 (1195,77,0x30,0,'2017-04-14','2017-04-14'),
 (1196,77,0x30,0,'2017-04-15','2017-04-15'),
 (1197,77,0x3935,0,'2017-04-17','2017-04-17'),
 (1198,77,0x343935,0,'2017-04-16','2017-04-16'),
 (1199,77,0x313030,0,'2017-04-18','2017-04-18'),
 (1200,77,0x313030,0,'2017-04-19','2017-04-19'),
 (1201,77,0x313030,0,'2017-04-20','2017-04-20'),
 (1202,77,0x313030,0,'2017-04-21','2017-04-21'),
 (1203,77,0x313030,0,'2017-04-22','2017-04-22'),
 (1204,78,0x30,0,'2017-04-01','2017-04-01'),
 (1205,78,0x30,0,'2017-03-31','2017-03-31'),
 (1206,78,0x30,0,'2017-04-03','2017-04-03'),
 (1207,78,0x30,0,'2017-04-02','2017-04-02'),
 (1208,78,0x30,0,'2017-04-04','2017-04-04'),
 (1209,78,0x30,0,'2017-04-05','2017-04-05'),
 (1210,78,0x30,0,'2017-04-06','2017-04-06'),
 (1211,78,0x30,0,'2017-04-07','2017-04-07'),
 (1212,78,0x30,0,'2017-04-08','2017-04-08'),
 (1213,78,0x30,0,'2017-04-10','2017-04-10'),
 (1214,78,0x30,0,'2017-04-09','2017-04-09'),
 (1215,78,0x30,0,'2017-04-11','2017-04-11'),
 (1216,78,0x30,0,'2017-04-12','2017-04-12'),
 (1217,78,0x30,0,'2017-04-13','2017-04-13'),
 (1218,78,0x30,0,'2017-04-14','2017-04-14'),
 (1219,78,0x30,0,'2017-04-15','2017-04-15'),
 (1220,78,0x30,0,'2017-04-17','2017-04-17'),
 (1221,78,0x333030,0,'2017-04-16','2017-04-16'),
 (1222,78,0x30,0,'2017-04-18','2017-04-18'),
 (1223,78,0x313030,0,'2017-04-19','2017-04-19'),
 (1224,78,0x313030,0,'2017-04-20','2017-04-20'),
 (1225,78,0x313030,0,'2017-04-21','2017-04-21'),
 (1226,78,0x313030,0,'2017-04-22','2017-04-22'),
 (1227,4,0x30,0,'2017-04-01','2017-04-01'),
 (1228,4,0x30,0,'2017-03-31','2017-03-31'),
 (1229,4,0x30,0,'2017-04-03','2017-04-03'),
 (1230,4,0x313935,0,'2017-04-02','2017-04-02'),
 (1231,4,0x3935,0,'2017-04-04','2017-04-04'),
 (1232,4,0x313030,0,'2017-04-05','2017-04-05'),
 (1233,4,0x30,0,'2017-04-06','2017-04-06'),
 (1234,4,0x30,0,'2017-04-07','2017-04-07'),
 (1235,4,0x30,0,'2017-04-08','2017-04-08'),
 (1236,4,0x313030,0,'2017-04-10','2017-04-10'),
 (1237,4,0x313030,0,'2017-04-09','2017-04-09'),
 (1238,4,0x30,0,'2017-04-11','2017-04-11'),
 (1239,4,0x30,0,'2017-04-12','2017-04-12'),
 (1240,4,0x30,0,'2017-04-13','2017-04-13'),
 (1241,4,0x30,0,'2017-04-14','2017-04-14'),
 (1242,4,0x30,0,'2017-04-15','2017-04-15'),
 (1243,4,0x30,0,'2017-04-17','2017-04-17'),
 (1244,4,0x30,0,'2017-04-16','2017-04-16'),
 (1245,4,0x30,0,'2017-04-18','2017-04-18'),
 (1246,4,0x30,0,'2017-04-19','2017-04-19'),
 (1247,4,0x30,0,'2017-04-20','2017-04-20'),
 (1248,4,0x30,0,'2017-04-21','2017-04-21'),
 (1249,4,0x30,0,'2017-04-22','2017-04-22'),
 (1250,1,0x30,0,'2017-03-26','2017-03-26'),
 (1251,3,0x313030,0,'2017-04-24','2017-04-24'),
 (1252,3,0x333030,0,'2017-04-23','2017-04-23'),
 (1253,3,0x313030,0,'2017-04-25','2017-04-25'),
 (1254,3,0x313030,0,'2017-04-26','2017-04-26'),
 (1255,50,0x3935,0,'2017-04-24','2017-04-24'),
 (1256,50,0x323930,0,'2017-04-23','2017-04-23'),
 (1257,50,0x3935,0,'2017-04-25','2017-04-25'),
 (1258,50,0x313030,0,'2017-04-26','2017-04-26'),
 (1259,22,0x3935,0,'2017-04-25','2017-04-25'),
 (1260,16,0x30,0,'2017-04-01','2017-04-01'),
 (1261,16,0x30,0,'2017-03-26','2017-03-26'),
 (1262,16,0x30,0,'2017-04-03','2017-04-03'),
 (1263,16,0x313935,0,'2017-04-02','2017-04-02'),
 (1264,16,0x3935,0,'2017-04-04','2017-04-04'),
 (1265,16,0x313030,0,'2017-04-05','2017-04-05'),
 (1266,16,0x30,0,'2017-04-06','2017-04-06'),
 (1267,16,0x30,0,'2017-04-07','2017-04-07'),
 (1268,16,0x30,0,'2017-04-08','2017-04-08'),
 (1269,16,0x313030,0,'2017-04-10','2017-04-10'),
 (1270,16,0x333835,0,'2017-04-09','2017-04-09'),
 (1271,16,0x313030,0,'2017-04-11','2017-04-11'),
 (1272,16,0x313030,0,'2017-04-12','2017-04-12'),
 (1273,16,0x30,0,'2017-04-13','2017-04-13'),
 (1274,16,0x30,0,'2017-04-14','2017-04-14'),
 (1275,16,0x3835,0,'2017-04-15','2017-04-15'),
 (1276,16,0x313030,0,'2017-04-17','2017-04-17'),
 (1277,16,0x363030,0,'2017-04-16','2017-04-16'),
 (1278,16,0x313030,0,'2017-04-18','2017-04-18'),
 (1279,16,0x313030,0,'2017-04-19','2017-04-19'),
 (1280,16,0x313030,0,'2017-04-20','2017-04-20'),
 (1281,16,0x313030,0,'2017-04-21','2017-04-21'),
 (1282,16,0x313030,0,'2017-04-22','2017-04-22'),
 (1283,16,0x3835,0,'2017-04-24','2017-04-24'),
 (1284,16,0x323830,0,'2017-04-23','2017-04-23'),
 (1285,16,0x3935,0,'2017-04-25','2017-04-25'),
 (1286,16,0x313030,0,'2017-04-26','2017-04-26'),
 (1287,45,0x313030,0,'2017-04-24','2017-04-24'),
 (1288,45,0x323030,0,'2017-04-23','2017-04-23'),
 (1289,45,0x313030,0,'2017-04-25','2017-04-25'),
 (1290,61,0x3935,0,'2017-04-24','2017-04-24'),
 (1291,61,0x323930,0,'2017-04-23','2017-04-23'),
 (1292,61,0x3935,0,'2017-04-25','2017-04-25'),
 (1293,61,0x313030,0,'2017-04-26','2017-04-26'),
 (1294,66,0x313030,0,'2017-04-24','2017-04-24'),
 (1295,66,0x333030,0,'2017-04-23','2017-04-23'),
 (1296,66,0x313030,0,'2017-04-25','2017-04-25'),
 (1297,66,0x313030,0,'2017-04-26','2017-04-26'),
 (1298,68,0x3835,0,'2017-04-24','2017-04-24'),
 (1299,68,0x323830,0,'2017-04-23','2017-04-23'),
 (1300,68,0x3935,0,'2017-04-25','2017-04-25'),
 (1301,68,0x313030,0,'2017-04-26','2017-04-26'),
 (1302,71,0x3935,0,'2017-04-24','2017-04-24'),
 (1303,71,0x323930,0,'2017-04-23','2017-04-23'),
 (1304,71,0x3935,0,'2017-04-25','2017-04-25'),
 (1305,71,0x313030,0,'2017-04-26','2017-04-26'),
 (1306,4,0x30,0,'2017-04-24','2017-04-24'),
 (1307,4,0x313935,0,'2017-04-23','2017-04-23'),
 (1308,4,0x3935,0,'2017-04-25','2017-04-25'),
 (1309,4,0x313030,0,'2017-04-26','2017-04-26'),
 (1310,19,0x3835,0,'2017-04-24','2017-04-24'),
 (1311,19,0x323830,0,'2017-04-23','2017-04-23'),
 (1312,19,0x3935,0,'2017-04-25','2017-04-25'),
 (1313,19,0x313030,0,'2017-04-26','2017-04-26'),
 (1314,31,0x3935,0,'2017-04-24','2017-04-24'),
 (1315,31,0x323930,0,'2017-04-23','2017-04-23'),
 (1316,31,0x3935,0,'2017-04-25','2017-04-25'),
 (1317,31,0x313030,0,'2017-04-26','2017-04-26'),
 (1318,72,0x3935,0,'2017-04-24','2017-04-24'),
 (1319,72,0x323930,0,'2017-04-23','2017-04-23'),
 (1320,72,0x3935,0,'2017-04-25','2017-04-25'),
 (1321,72,0x313030,0,'2017-04-26','2017-04-26'),
 (1322,12,0x313030,0,'2017-04-24','2017-04-24'),
 (1323,12,0x333030,0,'2017-04-23','2017-04-23'),
 (1324,12,0x313030,0,'2017-04-25','2017-04-25'),
 (1325,12,0x313030,0,'2017-04-26','2017-04-26'),
 (1326,26,0x3835,0,'2017-04-24','2017-04-24'),
 (1327,26,0x323830,0,'2017-04-23','2017-04-23'),
 (1328,26,0x3935,0,'2017-04-25','2017-04-25'),
 (1329,26,0x313030,0,'2017-04-26','2017-04-26'),
 (1330,34,0x3935,0,'2017-04-24','2017-04-24'),
 (1331,34,0x323930,0,'2017-04-23','2017-04-23'),
 (1332,34,0x3935,0,'2017-04-25','2017-04-25'),
 (1333,34,0x313030,0,'2017-04-26','2017-04-26'),
 (1334,74,0x3935,0,'2017-04-24','2017-04-24'),
 (1335,74,0x323930,0,'2017-04-23','2017-04-23'),
 (1336,74,0x3935,0,'2017-04-25','2017-04-25'),
 (1337,74,0x313030,0,'2017-04-26','2017-04-26'),
 (1338,9,0x313030,0,'2017-04-24','2017-04-24'),
 (1339,9,0x333030,0,'2017-04-23','2017-04-23'),
 (1340,9,0x313030,0,'2017-04-25','2017-04-25'),
 (1341,9,0x313030,0,'2017-04-26','2017-04-26'),
 (1342,11,0x313030,0,'2017-04-24','2017-04-24'),
 (1343,11,0x333030,0,'2017-04-23','2017-04-23'),
 (1344,11,0x313030,0,'2017-04-25','2017-04-25'),
 (1345,11,0x313030,0,'2017-04-26','2017-04-26'),
 (1346,14,0x313030,0,'2017-04-24','2017-04-24'),
 (1347,14,0x333030,0,'2017-04-23','2017-04-23'),
 (1348,14,0x313030,0,'2017-04-25','2017-04-25'),
 (1349,14,0x313030,0,'2017-04-26','2017-04-26'),
 (1350,18,0x3835,0,'2017-04-24','2017-04-24'),
 (1351,18,0x323830,0,'2017-04-23','2017-04-23'),
 (1352,18,0x3935,0,'2017-04-25','2017-04-25'),
 (1353,18,0x313030,0,'2017-04-26','2017-04-26'),
 (1354,22,0x313030,0,'2017-04-01','2017-04-01'),
 (1355,22,0x313030,0,'2017-03-26','2017-03-26'),
 (1356,22,0x313030,0,'2017-04-03','2017-04-03'),
 (1357,22,0x353735,0,'2017-04-02','2017-04-02'),
 (1358,22,0x3935,0,'2017-04-04','2017-04-04'),
 (1359,22,0x313030,0,'2017-04-05','2017-04-05'),
 (1360,22,0x3935,0,'2017-04-06','2017-04-06'),
 (1361,22,0x3835,0,'2017-04-07','2017-04-07'),
 (1362,22,0x313030,0,'2017-04-08','2017-04-08'),
 (1363,22,0x3935,0,'2017-04-10','2017-04-10'),
 (1364,22,0x323735,0,'2017-04-09','2017-04-09'),
 (1365,22,0x3935,0,'2017-04-11','2017-04-11'),
 (1366,22,0x3835,0,'2017-04-12','2017-04-12'),
 (1367,22,0x30,0,'2017-04-13','2017-04-13'),
 (1368,22,0x30,0,'2017-04-14','2017-04-14'),
 (1369,22,0x30,0,'2017-04-15','2017-04-15'),
 (1370,22,0x3835,0,'2017-04-17','2017-04-17'),
 (1371,22,0x353435,0,'2017-04-16','2017-04-16'),
 (1372,22,0x3835,0,'2017-04-18','2017-04-18'),
 (1373,22,0x313030,0,'2017-04-19','2017-04-19'),
 (1374,22,0x3935,0,'2017-04-20','2017-04-20'),
 (1375,22,0x3835,0,'2017-04-21','2017-04-21'),
 (1376,22,0x3935,0,'2017-04-22','2017-04-22'),
 (1377,38,0x3935,0,'2017-04-24','2017-04-24');
INSERT INTO `calendar` (`Id`,`IdTb`,`title`,`puntos`,`start`,`end`) VALUES 
 (1378,38,0x323930,0,'2017-04-23','2017-04-23'),
 (1379,38,0x3935,0,'2017-04-25','2017-04-25'),
 (1380,38,0x313030,0,'2017-04-26','2017-04-26'),
 (1381,41,0x3935,0,'2017-04-24','2017-04-24'),
 (1382,41,0x323930,0,'2017-04-23','2017-04-23'),
 (1383,41,0x3935,0,'2017-04-25','2017-04-25'),
 (1384,41,0x313030,0,'2017-04-26','2017-04-26'),
 (1385,43,0x3835,0,'2017-04-24','2017-04-24'),
 (1386,43,0x323830,0,'2017-04-23','2017-04-23'),
 (1387,43,0x3935,0,'2017-04-25','2017-04-25'),
 (1388,43,0x313030,0,'2017-04-26','2017-04-26'),
 (1389,43,0x30,0,'2017-04-27','2017-04-27'),
 (1390,59,0x3935,0,'2017-04-17','2017-04-17'),
 (1391,59,0x353935,0,'2017-04-16','2017-04-16'),
 (1392,59,0x313030,0,'2017-04-18','2017-04-18'),
 (1393,59,0x313030,0,'2017-04-19','2017-04-19'),
 (1394,59,0x313030,0,'2017-04-20','2017-04-20'),
 (1395,59,0x313030,0,'2017-04-21','2017-04-21'),
 (1396,59,0x313030,0,'2017-04-22','2017-04-22'),
 (1397,59,0x3935,0,'2017-04-24','2017-04-24'),
 (1398,59,0x323930,0,'2017-04-23','2017-04-23'),
 (1399,59,0x3935,0,'2017-04-25','2017-04-25'),
 (1400,59,0x313030,0,'2017-04-26','2017-04-26'),
 (1401,69,0x3835,0,'2017-04-24','2017-04-24'),
 (1402,69,0x323830,0,'2017-04-23','2017-04-23'),
 (1403,69,0x3935,0,'2017-04-25','2017-04-25'),
 (1404,69,0x313030,0,'2017-04-26','2017-04-26'),
 (1405,70,0x3935,0,'2017-04-24','2017-04-24'),
 (1406,70,0x323930,0,'2017-04-23','2017-04-23'),
 (1407,70,0x3935,0,'2017-04-25','2017-04-25'),
 (1408,70,0x313030,0,'2017-04-26','2017-04-26'),
 (1409,7,0x313030,0,'2017-04-24','2017-04-24'),
 (1410,7,0x333030,0,'2017-04-23','2017-04-23'),
 (1411,7,0x313030,0,'2017-04-25','2017-04-25'),
 (1412,7,0x313030,0,'2017-04-26','2017-04-26'),
 (1413,8,0x313030,0,'2017-04-24','2017-04-24'),
 (1414,8,0x333030,0,'2017-04-23','2017-04-23'),
 (1415,8,0x313030,0,'2017-04-25','2017-04-25'),
 (1416,8,0x313030,0,'2017-04-26','2017-04-26'),
 (1417,10,0x313030,0,'2017-04-24','2017-04-24'),
 (1418,10,0x333030,0,'2017-04-23','2017-04-23'),
 (1419,10,0x313030,0,'2017-04-25','2017-04-25'),
 (1420,10,0x313030,0,'2017-04-26','2017-04-26'),
 (1421,15,0x313030,0,'2017-04-24','2017-04-24'),
 (1422,15,0x333030,0,'2017-04-23','2017-04-23'),
 (1423,15,0x313030,0,'2017-04-25','2017-04-25'),
 (1424,15,0x313030,0,'2017-04-26','2017-04-26'),
 (1425,20,0x30,0,'2017-04-01','2017-04-01'),
 (1426,20,0x30,0,'2017-03-26','2017-03-26'),
 (1427,20,0x313030,0,'2017-04-03','2017-04-03'),
 (1428,20,0x353735,0,'2017-04-02','2017-04-02'),
 (1429,20,0x3935,0,'2017-04-04','2017-04-04'),
 (1430,20,0x313030,0,'2017-04-05','2017-04-05'),
 (1431,20,0x3935,0,'2017-04-06','2017-04-06'),
 (1432,20,0x3835,0,'2017-04-07','2017-04-07'),
 (1433,20,0x313030,0,'2017-04-08','2017-04-08'),
 (1434,20,0x3935,0,'2017-04-10','2017-04-10'),
 (1435,20,0x323735,0,'2017-04-09','2017-04-09'),
 (1436,20,0x3935,0,'2017-04-11','2017-04-11'),
 (1437,20,0x3835,0,'2017-04-12','2017-04-12'),
 (1438,20,0x30,0,'2017-04-13','2017-04-13'),
 (1439,20,0x30,0,'2017-04-14','2017-04-14'),
 (1440,20,0x30,0,'2017-04-15','2017-04-15'),
 (1441,20,0x30,0,'2017-04-17','2017-04-17'),
 (1442,20,0x3835,0,'2017-04-16','2017-04-16'),
 (1443,20,0x3835,0,'2017-04-18','2017-04-18'),
 (1444,20,0x30,0,'2017-04-19','2017-04-19'),
 (1445,20,0x30,0,'2017-04-20','2017-04-20'),
 (1446,20,0x30,0,'2017-04-21','2017-04-21'),
 (1447,20,0x30,0,'2017-04-22','2017-04-22'),
 (1448,20,0x3835,0,'2017-04-24','2017-04-24'),
 (1449,20,0x323830,0,'2017-04-23','2017-04-23'),
 (1450,20,0x3935,0,'2017-04-25','2017-04-25'),
 (1451,20,0x313030,0,'2017-04-26','2017-04-26'),
 (1452,21,0x30,0,'2017-04-24','2017-04-24'),
 (1453,21,0x313030,0,'2017-04-23','2017-04-23'),
 (1454,21,0x30,0,'2017-04-25','2017-04-25'),
 (1455,21,0x313030,0,'2017-04-26','2017-04-26'),
 (1456,23,0x30,0,'2017-04-24','2017-04-24'),
 (1457,23,0x313935,0,'2017-04-23','2017-04-23'),
 (1458,23,0x3935,0,'2017-04-25','2017-04-25'),
 (1459,23,0x313030,0,'2017-04-26','2017-04-26'),
 (1460,24,0x30,0,'2017-04-24','2017-04-24'),
 (1461,24,0x313935,0,'2017-04-23','2017-04-23'),
 (1462,24,0x3935,0,'2017-04-25','2017-04-25'),
 (1463,24,0x313030,0,'2017-04-26','2017-04-26'),
 (1464,25,0x3835,0,'2017-04-24','2017-04-24'),
 (1465,25,0x323830,0,'2017-04-23','2017-04-23'),
 (1466,25,0x3935,0,'2017-04-25','2017-04-25'),
 (1467,25,0x313030,0,'2017-04-26','2017-04-26'),
 (1468,32,0x3935,0,'2017-04-24','2017-04-24'),
 (1469,32,0x323930,0,'2017-04-23','2017-04-23'),
 (1470,32,0x3935,0,'2017-04-25','2017-04-25'),
 (1471,32,0x313030,0,'2017-04-26','2017-04-26'),
 (1472,35,0x3935,0,'2017-04-24','2017-04-24'),
 (1473,35,0x313930,0,'2017-04-23','2017-04-23'),
 (1474,35,0x3935,0,'2017-04-25','2017-04-25'),
 (1475,35,0x30,0,'2017-04-26','2017-04-26'),
 (1476,35,0x30,0,'2017-04-27','2017-04-27'),
 (1477,40,0x3935,0,'2017-04-24','2017-04-24'),
 (1478,40,0x323930,0,'2017-04-23','2017-04-23'),
 (1479,40,0x3935,0,'2017-04-25','2017-04-25'),
 (1480,40,0x313030,0,'2017-04-26','2017-04-26'),
 (1481,42,0x3935,0,'2017-04-24','2017-04-24'),
 (1482,42,0x323930,0,'2017-04-23','2017-04-23'),
 (1483,42,0x3935,0,'2017-04-25','2017-04-25'),
 (1484,42,0x313030,0,'2017-04-26','2017-04-26'),
 (1485,49,0x3935,0,'2017-04-24','2017-04-24'),
 (1486,49,0x323930,0,'2017-04-23','2017-04-23'),
 (1487,49,0x3935,0,'2017-04-25','2017-04-25'),
 (1488,49,0x313030,0,'2017-04-26','2017-04-26'),
 (1489,52,0x3935,0,'2017-04-24','2017-04-24'),
 (1490,52,0x323930,0,'2017-04-23','2017-04-23'),
 (1491,52,0x3935,0,'2017-04-25','2017-04-25'),
 (1492,52,0x313030,0,'2017-04-26','2017-04-26'),
 (1493,53,0x313030,0,'2017-04-01','2017-04-01'),
 (1494,53,0x313030,0,'2017-03-26','2017-03-26'),
 (1495,53,0x3835,0,'2017-04-15','2017-04-15'),
 (1496,53,0x333730,0,'2017-04-09','2017-04-09'),
 (1497,53,0x313030,0,'2017-04-17','2017-04-17'),
 (1498,53,0x363030,0,'2017-04-16','2017-04-16'),
 (1499,53,0x313030,0,'2017-04-18','2017-04-18'),
 (1500,53,0x313030,0,'2017-04-19','2017-04-19'),
 (1501,53,0x313030,0,'2017-04-20','2017-04-20'),
 (1502,53,0x313030,0,'2017-04-21','2017-04-21'),
 (1503,53,0x313030,0,'2017-04-22','2017-04-22'),
 (1504,53,0x313030,0,'2017-04-24','2017-04-24'),
 (1505,53,0x333030,0,'2017-04-23','2017-04-23'),
 (1506,53,0x313030,0,'2017-04-25','2017-04-25'),
 (1507,53,0x313030,0,'2017-04-26','2017-04-26'),
 (1508,53,0x30,0,'2017-04-03','2017-04-03'),
 (1509,53,0x3835,0,'2017-04-02','2017-04-02'),
 (1510,53,0x3835,0,'2017-04-04','2017-04-04'),
 (1511,53,0x30,0,'2017-04-05','2017-04-05'),
 (1512,53,0x30,0,'2017-04-06','2017-04-06'),
 (1513,53,0x30,0,'2017-04-07','2017-04-07'),
 (1514,53,0x30,0,'2017-04-08','2017-04-08'),
 (1515,53,0x313030,0,'2017-04-10','2017-04-10'),
 (1516,53,0x313030,0,'2017-04-11','2017-04-11'),
 (1517,53,0x3835,0,'2017-04-12','2017-04-12'),
 (1518,53,0x30,0,'2017-04-13','2017-04-13'),
 (1519,53,0x30,0,'2017-04-14','2017-04-14'),
 (1520,58,0x3935,0,'2017-04-24','2017-04-24'),
 (1521,58,0x323930,0,'2017-04-23','2017-04-23'),
 (1522,58,0x3935,0,'2017-04-25','2017-04-25'),
 (1523,58,0x313030,0,'2017-04-26','2017-04-26'),
 (1524,67,0x3835,0,'2017-04-24','2017-04-24'),
 (1525,67,0x323830,0,'2017-04-23','2017-04-23'),
 (1526,67,0x3935,0,'2017-04-25','2017-04-25'),
 (1527,67,0x313030,0,'2017-04-26','2017-04-26'),
 (1528,73,0x3935,0,'2017-04-24','2017-04-24'),
 (1529,73,0x323930,0,'2017-04-23','2017-04-23'),
 (1530,73,0x3935,0,'2017-04-25','2017-04-25'),
 (1531,73,0x313030,0,'2017-04-26','2017-04-26'),
 (1532,5,0x313030,0,'2017-04-24','2017-04-24'),
 (1533,5,0x333030,0,'2017-04-23','2017-04-23'),
 (1534,5,0x313030,0,'2017-04-25','2017-04-25'),
 (1535,5,0x313030,0,'2017-04-26','2017-04-26'),
 (1536,6,0x313030,0,'2017-04-22','2017-04-22'),
 (1537,6,0x313030,0,'2017-04-24','2017-04-24'),
 (1538,6,0x323030,0,'2017-04-23','2017-04-23'),
 (1539,6,0x313030,0,'2017-04-25','2017-04-25'),
 (1540,6,0x30,0,'2017-04-26','2017-04-26'),
 (1541,13,0x313030,0,'2017-04-22','2017-04-22'),
 (1542,13,0x313030,0,'2017-04-24','2017-04-24'),
 (1543,13,0x323030,0,'2017-04-23','2017-04-23'),
 (1544,13,0x313030,0,'2017-04-25','2017-04-25'),
 (1545,13,0x30,0,'2017-04-26','2017-04-26'),
 (1546,28,0x30,0,'2017-04-24','2017-04-24'),
 (1547,28,0x30,0,'2017-04-23','2017-04-23'),
 (1548,28,0x30,0,'2017-04-25','2017-04-25'),
 (1549,28,0x30,0,'2017-04-26','2017-04-26'),
 (1550,36,0x3935,0,'2017-04-24','2017-04-24'),
 (1551,36,0x323930,0,'2017-04-23','2017-04-23'),
 (1552,36,0x3935,0,'2017-04-25','2017-04-25'),
 (1553,36,0x313030,0,'2017-04-26','2017-04-26'),
 (1554,37,0x313030,0,'2017-04-01','2017-04-01'),
 (1555,37,0x313030,0,'2017-03-26','2017-03-26'),
 (1556,37,0x30,0,'2017-04-22','2017-04-22'),
 (1557,37,0x343830,0,'2017-04-16','2017-04-16'),
 (1558,37,0x30,0,'2017-04-03','2017-04-03'),
 (1559,37,0x343535,0,'2017-04-02','2017-04-02'),
 (1560,37,0x3835,0,'2017-04-04','2017-04-04'),
 (1561,37,0x30,0,'2017-03-29','2017-03-29'),
 (1562,37,0x3835,0,'2017-04-05','2017-04-05'),
 (1563,37,0x313030,0,'2017-04-06','2017-04-06'),
 (1564,37,0x313030,0,'2017-04-07','2017-04-07'),
 (1565,37,0x3835,0,'2017-04-08','2017-04-08'),
 (1566,37,0x313030,0,'2017-04-10','2017-04-10'),
 (1567,37,0x313935,0,'2017-04-09','2017-04-09'),
 (1568,37,0x3935,0,'2017-04-11','2017-04-11'),
 (1569,37,0x30,0,'2017-04-12','2017-04-12'),
 (1570,37,0x30,0,'2017-04-13','2017-04-13'),
 (1571,37,0x30,0,'2017-04-14','2017-04-14'),
 (1572,37,0x30,0,'2017-04-15','2017-04-15'),
 (1573,37,0x3835,0,'2017-04-17','2017-04-17'),
 (1574,37,0x313030,0,'2017-04-18','2017-04-18'),
 (1575,37,0x313030,0,'2017-04-19','2017-04-19'),
 (1576,37,0x313030,0,'2017-04-20','2017-04-20'),
 (1577,37,0x3935,0,'2017-04-21','2017-04-21'),
 (1578,37,0x3935,0,'2017-04-24','2017-04-24'),
 (1579,37,0x323930,0,'2017-04-23','2017-04-23'),
 (1580,37,0x3935,0,'2017-04-25','2017-04-25'),
 (1581,37,0x313030,0,'2017-04-26','2017-04-26'),
 (1582,47,0x3935,0,'2017-04-24','2017-04-24'),
 (1583,47,0x323930,0,'2017-04-23','2017-04-23'),
 (1584,47,0x3935,0,'2017-04-25','2017-04-25'),
 (1585,47,0x313030,0,'2017-04-26','2017-04-26'),
 (1586,48,0x3935,0,'2017-04-24','2017-04-24'),
 (1587,48,0x323930,0,'2017-04-23','2017-04-23'),
 (1588,48,0x3935,0,'2017-04-25','2017-04-25'),
 (1589,48,0x313030,0,'2017-04-26','2017-04-26'),
 (1590,51,0x313030,0,'2017-04-01','2017-04-01'),
 (1591,51,0x313030,0,'2017-03-26','2017-03-26'),
 (1592,51,0x30,0,'2017-04-03','2017-04-03'),
 (1593,51,0x3835,0,'2017-04-02','2017-04-02'),
 (1594,51,0x3835,0,'2017-04-04','2017-04-04'),
 (1595,51,0x30,0,'2017-04-05','2017-04-05'),
 (1596,51,0x30,0,'2017-04-06','2017-04-06'),
 (1597,51,0x30,0,'2017-04-07','2017-04-07'),
 (1598,51,0x30,0,'2017-04-08','2017-04-08'),
 (1599,51,0x313030,0,'2017-04-10','2017-04-10'),
 (1600,51,0x323835,0,'2017-04-09','2017-04-09'),
 (1601,51,0x313030,0,'2017-04-11','2017-04-11'),
 (1602,51,0x3835,0,'2017-04-12','2017-04-12'),
 (1603,51,0x30,0,'2017-04-13','2017-04-13'),
 (1604,51,0x30,0,'2017-04-14','2017-04-14'),
 (1605,51,0x30,0,'2017-04-15','2017-04-15'),
 (1606,51,0x3935,0,'2017-04-17','2017-04-17'),
 (1607,51,0x353935,0,'2017-04-16','2017-04-16'),
 (1608,51,0x313030,0,'2017-04-18','2017-04-18'),
 (1609,51,0x313030,0,'2017-04-19','2017-04-19'),
 (1610,51,0x313030,0,'2017-04-20','2017-04-20'),
 (1611,51,0x313030,0,'2017-04-21','2017-04-21'),
 (1612,51,0x313030,0,'2017-04-22','2017-04-22'),
 (1613,46,0x3935,0,'2017-04-24','2017-04-24'),
 (1614,46,0x333930,0,'2017-04-23','2017-04-23'),
 (1615,46,0x3935,0,'2017-04-25','2017-04-25'),
 (1616,46,0x313030,0,'2017-04-26','2017-04-26'),
 (1617,46,0x313030,0,'2017-04-27','2017-04-27'),
 (1618,29,0x3935,0,'2017-04-24','2017-04-24'),
 (1619,29,0x333930,0,'2017-04-23','2017-04-23'),
 (1620,29,0x3935,0,'2017-04-25','2017-04-25'),
 (1621,29,0x313030,0,'2017-04-26','2017-04-26'),
 (1622,29,0x313030,0,'2017-04-27','2017-04-27'),
 (1623,17,0x313030,0,'2017-04-24','2017-04-24'),
 (1624,17,0x343030,0,'2017-04-23','2017-04-23'),
 (1625,17,0x313030,0,'2017-04-25','2017-04-25'),
 (1626,17,0x313030,0,'2017-04-26','2017-04-26'),
 (1627,17,0x313030,0,'2017-04-27','2017-04-27'),
 (1628,1,0x3835,0,'2017-04-24','2017-04-24'),
 (1629,1,0x333830,0,'2017-04-23','2017-04-23'),
 (1630,1,0x3935,0,'2017-04-25','2017-04-25'),
 (1631,1,0x313030,0,'2017-04-26','2017-04-26'),
 (1632,1,0x313030,0,'2017-04-27','2017-04-27');
/*!40000 ALTER TABLE `calendar` ENABLE KEYS */;


--
-- Definition of table `cargo`
--

DROP TABLE IF EXISTS `cargo`;
CREATE TABLE `cargo` (
  `IdCg` int(11) NOT NULL AUTO_INCREMENT,
  `Descripcion` varchar(50) NOT NULL,
  `Activo` int(10) NOT NULL,
  PRIMARY KEY (`IdCg`)
) ENGINE=InnoDB AUTO_INCREMENT=10 DEFAULT CHARSET=latin1;

--
-- Dumping data for table `cargo`
--

/*!40000 ALTER TABLE `cargo` DISABLE KEYS */;
INSERT INTO `cargo` (`IdCg`,`Descripcion`,`Activo`) VALUES 
 (1,'Auxiliar',0),
 (2,'Cortador',0),
 (3,'Corte Empaque 1rio',0),
 (4,'Empaque',0),
 (5,'Plancha',0),
 (6,'Seleccion',0),
 (7,'Selladora',0),
 (8,'Soporte',0),
 (9,'Rebobinador',0);
/*!40000 ALTER TABLE `cargo` ENABLE KEYS */;


--
-- Definition of table `horario`
--

DROP TABLE IF EXISTS `horario`;
CREATE TABLE `horario` (
  `IdTn` int(11) NOT NULL AUTO_INCREMENT,
  `Descripcion` varchar(50) NOT NULL,
  `Activo` int(10) NOT NULL,
  PRIMARY KEY (`IdTn`)
) ENGINE=InnoDB AUTO_INCREMENT=4 DEFAULT CHARSET=latin1 ROW_FORMAT=COMPACT;

--
-- Dumping data for table `horario`
--

/*!40000 ALTER TABLE `horario` DISABLE KEYS */;
INSERT INTO `horario` (`IdTn`,`Descripcion`,`Activo`) VALUES 
 (1,'06:00 AM - 02:30 PM',0),
 (2,'02:30 PM - 10:00 PM',0),
 (3,'10:00 PM - 06:00 AM',0);
/*!40000 ALTER TABLE `horario` ENABLE KEYS */;


--
-- Definition of table `log_transac`
--

DROP TABLE IF EXISTS `log_transac`;
CREATE TABLE `log_transac` (
  `Grupo` varchar(100) NOT NULL,
  `Us_name` varchar(100) NOT NULL,
  `Date_Reg` datetime NOT NULL,
  `Descripcion` varchar(255) DEFAULT NULL
) ENGINE=InnoDB DEFAULT CHARSET=latin1 ROW_FORMAT=DYNAMIC;

--
-- Dumping data for table `log_transac`
--

/*!40000 ALTER TABLE `log_transac` DISABLE KEYS */;
INSERT INTO `log_transac` (`Grupo`,`Us_name`,`Date_Reg`,`Descripcion`) VALUES 
 ('0','admin ID=> 1','2017-04-18 15:28:55','Ingreso al sistema'),
 ('0','admin ID=> 1','2017-04-18 15:30:37','Ingreso al sistema'),
 ('0','admin ID=> 1','2017-04-18 15:31:00','Ingreso al sistema'),
 ('0','admin ID=> 1','2017-04-18 15:34:15','Ingreso al sistema'),
 ('0','admin ID=> 1','2017-04-18 15:43:54','Ingreso al sistema'),
 ('0','sc01 ID=> 2','2017-04-18 15:45:00','Ingreso al sistema'),
 ('0','sc01 ID=> 2','2017-04-18 15:45:20','Ingreso al sistema'),
 ('0','sc01 ID=> 2','2017-04-18 15:50:52','Ingreso al sistema'),
 ('0','sc01 ID=> 2','2017-04-18 15:58:24','Ingreso al sistema'),
 ('0','sc01 ID=> 2','2017-04-18 15:59:40','Ingreso al sistema'),
 ('0','admin ID=> 1','2017-04-18 16:20:46','Ingreso al sistema'),
 ('0','jluna ID=> 3','2017-04-18 16:22:27','Ingreso al sistema'),
 ('0','admin ID=> 1','2017-04-18 16:23:05','Ingreso al sistema'),
 ('0','jluna ID=> 3','2017-04-18 17:11:41','Ingreso al sistema'),
 ('0','admin ID=> 1','2017-04-19 12:05:11','Ingreso al sistema'),
 ('0','sc01 ID=> 2','2017-04-20 11:49:33','Ingreso al sistema'),
 ('0','sc01 ID=> 2','2017-04-20 11:51:14','Ingreso al sistema'),
 ('0','sc01 ID=> 2','2017-04-20 13:21:41','Ingreso al sistema'),
 ('0','admin ID=> 1','2017-04-20 14:01:45','Ingreso al sistema'),
 ('0','admin ID=> 1','2017-04-20 15:09:03','Ingreso al sistema'),
 ('0','sc01 ID=> 2','2017-04-21 08:16:35','Ingreso al sistema'),
 ('0','sc01 ID=> 2','2017-04-21 09:31:26','Ingreso al sistema'),
 ('0','admin ID=> 1','2017-04-21 09:41:30','Ingreso al sistema'),
 ('0','sc01 ID=> 2','2017-04-21 10:18:46','Ingreso al sistema'),
 ('0','admin ID=> 1','2017-04-21 10:29:39','Ingreso al sistema'),
 ('0','admin ID=> 1','2017-04-21 10:32:33','Ingreso al sistema'),
 ('0','admin ID=> 1','2017-04-21 10:40:26','Ingreso al sistema'),
 ('0','sc01 ID=> 2','2017-04-21 15:46:04','Ingreso al sistema'),
 ('0','sc01 ID=> 2','2017-04-22 11:32:36','Ingreso al sistema'),
 ('0','sc01 ID=> 2','2017-04-22 14:07:38','Ingreso al sistema'),
 ('0','sc01 ID=> 2','2017-04-23 08:47:59','Ingreso al sistema'),
 ('0','admin ID=> 1','2017-04-23 19:20:35','Ingreso al sistema'),
 ('0','sc01 ID=> 2','2017-04-24 10:03:27','Ingreso al sistema'),
 ('0','admin ID=> 1','2017-04-24 13:05:49','Ingreso al sistema'),
 ('0','admin ID=> 1','2017-04-24 13:10:44','Ingreso al sistema'),
 ('0','sc01 ID=> 2','2017-04-24 13:20:11','Ingreso al sistema'),
 ('0','admin ID=> 1','2017-04-24 17:34:36','Ingreso al sistema'),
 ('0','sc01 ID=> 2','2017-04-26 07:28:54','Ingreso al sistema'),
 ('0','sc01 ID=> 2','2017-04-27 10:22:46','Ingreso al sistema'),
 ('0','admin ID=> 1','2017-04-28 12:47:56','Ingreso al sistema'),
 ('0','sc01 ID=> 2','2017-04-28 15:53:55','Ingreso al sistema');
/*!40000 ALTER TABLE `log_transac` ENABLE KEYS */;


--
-- Definition of table `metas`
--

DROP TABLE IF EXISTS `metas`;
CREATE TABLE `metas` (
  `IdMt` int(11) NOT NULL AUTO_INCREMENT,
  `Min` int(11) NOT NULL,
  `Max` int(11) NOT NULL,
  `puntos` int(11) NOT NULL,
  `Fecha` date NOT NULL,
  `Activo` tinyint(1) NOT NULL,
  PRIMARY KEY (`IdMt`)
) ENGINE=InnoDB AUTO_INCREMENT=4 DEFAULT CHARSET=latin1;

--
-- Dumping data for table `metas`
--

/*!40000 ALTER TABLE `metas` DISABLE KEYS */;
INSERT INTO `metas` (`IdMt`,`Min`,`Max`,`puntos`,`Fecha`,`Activo`) VALUES 
 (1,320,399,85,'2017-04-24',0),
 (2,400,449,95,'2017-04-24',0),
 (3,450,1000,100,'2017-04-24',0);
/*!40000 ALTER TABLE `metas` ENABLE KEYS */;


--
-- Definition of table `rol`
--

DROP TABLE IF EXISTS `rol`;
CREATE TABLE `rol` (
  `IdRol` int(11) NOT NULL AUTO_INCREMENT,
  `Descripcion` varchar(50) NOT NULL,
  PRIMARY KEY (`IdRol`)
) ENGINE=InnoDB AUTO_INCREMENT=3 DEFAULT CHARSET=latin1;

--
-- Dumping data for table `rol`
--

/*!40000 ALTER TABLE `rol` DISABLE KEYS */;
INSERT INTO `rol` (`IdRol`,`Descripcion`) VALUES 
 (1,'Administrador'),
 (2,'Digitador');
/*!40000 ALTER TABLE `rol` ENABLE KEYS */;


--
-- Definition of table `user`
--

DROP TABLE IF EXISTS `user`;
CREATE TABLE `user` (
  `IdUser` int(11) NOT NULL AUTO_INCREMENT,
  `User` varchar(50) NOT NULL,
  `Name` varchar(100) NOT NULL,
  `Pass` varchar(50) NOT NULL,
  `Access` int(3) NOT NULL,
  `Date_Creat` date NOT NULL,
  `Active` int(1) NOT NULL,
  PRIMARY KEY (`IdUser`)
) ENGINE=InnoDB AUTO_INCREMENT=5 DEFAULT CHARSET=latin1 ROW_FORMAT=COMPACT;

--
-- Dumping data for table `user`
--

/*!40000 ALTER TABLE `user` DISABLE KEYS */;
INSERT INTO `user` (`IdUser`,`User`,`Name`,`Pass`,`Access`,`Date_Creat`,`Active`) VALUES 
 (1,'admin','Administrador','a7m1425.',1,'2017-04-01',0),
 (2,'sc01','Roberto Dolores Carrion Baena','sc1804',2,'2017-04-18',0),
 (3,'jluna','Joseph Enrique Luna Herrera','luna1234',1,'2017-04-18',0),
 (4,'maryan','mespinoza','a7m1425',1,'2017-04-21',1);
/*!40000 ALTER TABLE `user` ENABLE KEYS */;


--
-- Definition of table `work`
--

DROP TABLE IF EXISTS `work`;
CREATE TABLE `work` (
  `IdTb` int(11) NOT NULL AUTO_INCREMENT,
  `NombreC` varchar(150) NOT NULL,
  `Cargo` varchar(50) NOT NULL,
  `Horario` varchar(50) NOT NULL,
  `Activo` int(1) NOT NULL,
  PRIMARY KEY (`IdTb`)
) ENGINE=InnoDB AUTO_INCREMENT=80 DEFAULT CHARSET=latin1;

--
-- Dumping data for table `work`
--

/*!40000 ALTER TABLE `work` DISABLE KEYS */;
INSERT INTO `work` (`IdTb`,`NombreC`,`Cargo`,`Horario`,`Activo`) VALUES 
 (1,'Claudia Lopez','Soporte','06:00 AM - 02:30 PM',0),
 (2,'Christian Lopez','Rebobinador','06:00 AM - 02:30 PM',0),
 (3,'Jose Adan Mejia','Auxiliar','06:00 AM - 02:30 PM',0),
 (4,'Eddy Ampie','Cortador','06:00 AM - 02:30 PM',0),
 (5,'Arelis Reyes','Seleccion','06:00 AM - 02:30 PM',0),
 (6,'Silvia Maricela Penado Garcia','Seleccion','06:00 AM - 02:30 PM',0),
 (7,'Yara Lidia Solis Patterson','Plancha','06:00 AM - 02:30 PM',0),
 (8,'Leydi del Socorro Murillo Aguilar','Plancha','06:00 AM - 02:30 PM',0),
 (9,'Norma del Socorro Molina Hurtado','Empaque','06:00 AM - 02:30 PM',0),
 (10,'Yenny Elizabeth Mayorquin Perez','Plancha','06:00 AM - 02:30 PM',0),
 (11,'Ivanovat Cristhy Flores Robleto','Empaque','06:00 AM - 02:30 PM',0),
 (12,'Karla Ninoska Lopez Mora','Corte%20Empaque%201rio','06:00 AM - 02:30 PM',0),
 (13,'Yamileth de los Angeles Guzman Garcia','Seleccion','06:00 AM - 02:30 PM',0),
 (14,'Doris Lisseth Torres Mendez','Empaque','06:00 AM - 02:30 PM',0),
 (15,'Johanna Maria Celada Solis','Plancha','06:00 AM - 02:30 PM',0),
 (16,'Jose Luis Muoz Flores','Auxiliar','06:00 AM - 02:30 PM',0),
 (17,'Elda Rosa Quiroz Moraga','Soporte','06:00 AM - 02:30 PM',0),
 (18,'Wuilder Hernan Rivas Benvides','Empaque','06:00 AM - 02:30 PM',0),
 (19,'Emmanuel Ignacio Alvarez Aleman','Cortador','06:00 AM - 02:30 PM',0),
 (20,'Anielka Patricia Torres','Plancha','06:00 AM - 02:30 PM',0),
 (21,'Lisseth de los Angeles Sanchez','Plancha','06:00 AM - 02:30 PM',0),
 (22,'Angela Magdalena Real Calero','Empaque','06:00 AM - 02:30 PM',0),
 (23,'Rosa Ileana Valerio Doa','Plancha','06:00 AM - 02:30 PM',0),
 (24,'Maria Del Carmen Mora Urbina','Plancha','06:00 AM - 02:30 PM',0),
 (25,'Marjoury De Los Angeles Valle Hernandez','Plancha','06:00 AM - 02:30 PM',0),
 (26,'Maria Esther Martinez Garcia','Corte%20Empaque%201rio','06:00 AM - 02:30 PM',0),
 (27,'Noriel Daniel Juarez Cordoba','Rebobinador','06:00 AM - 02:30 PM',0),
 (28,'Norma Sugey Valle Obando','Seleccion','06:00 AM - 02:30 PM',1),
 (29,'Marlena del Rosario Guevara Carballo','Soporte','06:00 AM - 02:30 PM',0),
 (30,'Juan Carlos Reyes Obregon','Rebobinador','06:00 AM - 02:30 PM',0),
 (31,'Oscar Antonio Castillo Jarquin','Cortador','06:00 AM - 02:30 PM',0),
 (32,'Quiana Ninoska Hernandez Lopez','Plancha','06:00 AM - 02:30 PM',0),
 (33,'Martha Isabel Fargas Padilla','Selladora','06:00 AM - 02:30 PM',0),
 (34,'Eva del Rosario Urbina Calero','Corte%20Empaque%201rio','06:00 AM - 02:30 PM',0),
 (35,'Estherlina Jahoska Alvarez Murillo','Plancha','06:00 AM - 02:30 PM',0),
 (36,'Carolina Espinoza Mejia','Seleccion','06:00 AM - 02:30 PM',0),
 (37,'Maclovia Fabiola Salinas Huembes','Seleccion','06:00 AM - 02:30 PM',0),
 (38,'Raquel de los Angeles Mendoza Salty','Empaque','06:00 AM - 02:30 PM',0),
 (39,'Maria Jose Garcia Romero','Plancha','06:00 AM - 02:30 PM',1),
 (40,'Maria Jose Garcia Romero','Plancha','06:00 AM - 02:30 PM',0),
 (41,'Yudeldy Junieth Martinez Mendez','Empaque','06:00 AM - 02:30 PM',0),
 (42,'Cindy Vicenta Orozco Arroliga','Plancha','06:00 AM - 02:30 PM',0),
 (43,'Lorna Idalia Marenco Gomez','Empaque','06:00 AM - 02:30 PM',0),
 (44,'Maryan Espinoza prueba','Soporte','02:30 PM - 10:00 PM',0),
 (45,'Gabriel Isaac Carrillo Aragon','Auxiliar','06:00 AM - 02:30 PM',0),
 (46,'Teresa del Carmen Martinez Martinez','Soporte','02:30 PM - 10:00 PM',0),
 (47,'Ivett del Carmen Macias Narvaez','Seleccion','02:30 PM - 10:00 PM',0),
 (48,'Yadira del Carmen Obando Saravia','Seleccion','02:30 PM - 10:00 PM',0),
 (49,'Belkin Nahoris How Morales','Plancha','02:30 PM - 10:00 PM',0),
 (50,'Jessenia del Socorro Carrion Hernandez','Selladora','02:30 PM - 10:00 PM',0),
 (51,'Carla Patricia Mejia Espinoza','Seleccion','02:30 PM - 10:00 PM',0),
 (52,'Ana Cristina Urbina Perez','Plancha','02:30 PM - 10:00 PM',0),
 (53,'Yenny Elizabeth Mayorquin Perez','Plancha','06:00 AM - 02:30 PM',0),
 (54,'Jose Luis Salinas Gomez','Rebobinador','02:30 PM - 10:00 PM',0),
 (55,'Allan Perez','Rebobinador','06:00 AM - 02:30 PM',0),
 (56,'Pastor Eleazar Ordoez Espinoza','Rebobinador','02:30 PM - 10:00 PM',0),
 (57,'Wester Guido','Auxiliar','02:30 PM - 10:00 PM',1),
 (58,'Thania Teresa Rayo Gonzalez','Plancha','02:30 PM - 10:00 PM',0),
 (59,'Flor de Maria Guevara','Empaque','02:30 PM - 10:00 PM',0),
 (60,'Jaime Jose Vanegas Quiroz','Rebobinador','10:00 PM - 06:00 AM',0),
 (61,'Freddy Antonio Ramirez Flores','Auxiliar','06:00 AM - 02:30 PM',0),
 (62,'Nery Jose Sanchez Mercado','Rebobinador','10:00 PM - 06:00 AM',0),
 (63,'Norman Basquez','Rebobinador','10:00 PM - 06:00 AM',0),
 (64,'Hanzel Bladimir Marenco Norori','Rebobinador','06:00 AM - 02:30 PM',0),
 (65,'Ervin Israel Torrez Membreo','Rebobinador','02:30 PM - 10:00 PM',0),
 (66,'Jefri Mendoza','Auxiliar','06:00 AM - 02:30 PM',0),
 (67,'Jessica Elvira Vargas Hurtado','Plancha','06:00 AM - 02:30 PM',0),
 (68,'Michel Hurtado','Auxiliar','06:00 AM - 02:30 PM',0),
 (69,'Ileana Margarita Marota Montiel','Empaque','06:00 AM - 02:30 PM',0),
 (70,'Nancy Vallecillo','Empaque','06:00 AM - 02:30 PM',0),
 (71,'Eyner Rodriguez','Auxiliar','06:00 AM - 02:30 PM',0),
 (72,'Nelson Javier Avendao Polanco','Cortador','02:30 PM - 10:00 PM',0),
 (73,'Joseling Antonia Tinoco Mairena','Plancha','02:30 PM - 10:00 PM',0),
 (74,'Maria Magdalena Brenes Vasquez','Corte%20Empaque%201rio','02:30 PM - 10:00 PM',0),
 (75,'Maria Madgalena Bermudez Estrada','Seleccion','02:30 PM - 10:00 PM',0),
 (76,'Ediccia Marcela Perez Chavarria','Selladora','02:30 PM - 10:00 PM',0),
 (77,'Carla Patricia Mejia Espinoza','Seleccion','02:30 PM - 10:00 PM',0),
 (78,'Flor de Maria Guevara Galeano','Seleccion','02:30 PM - 10:00 PM',0),
 (79,'Benjamin Josue Garcia Sandino','Rebobinador','02:30 PM - 10:00 PM',0);
/*!40000 ALTER TABLE `work` ENABLE KEYS */;




/*!40101 SET SQL_MODE=@OLD_SQL_MODE */;
/*!40014 SET FOREIGN_KEY_CHECKS=@OLD_FOREIGN_KEY_CHECKS */;
/*!40014 SET UNIQUE_CHECKS=@OLD_UNIQUE_CHECKS */;
/*!40101 SET CHARACTER_SET_CLIENT=@OLD_CHARACTER_SET_CLIENT */;
/*!40101 SET CHARACTER_SET_RESULTS=@OLD_CHARACTER_SET_RESULTS */;
/*!40101 SET COLLATION_CONNECTION=@OLD_COLLATION_CONNECTION */;
/*!40101 SET CHARACTER_SET_CLIENT=@OLD_CHARACTER_SET_CLIENT */;
